artist_name,artist_id,danceability,energy,loudness,speechiness,acousticness,instrumentalness,liveness,valence,tempo,duration_ms,key_mode,genre1,genre2,genre3
Green Day,7oPftvlwr6VrsViSDV7fJY,0.43521875,0.8959419642857144,-4.404705357142857,0.0719696428571428,0.0290523259821428,0.024206676875,0.2101004464285714,0.6584299107142858,140.04163392857143,189080.94642857145,D major,rock,,
Dusty Springfield,5zaXYwewAXedKNCff45U5l,0.4853405797101449,0.4983333333333334,-10.186623188405797,0.0430304347826087,0.5187697826086956,0.0152472944202898,0.2226963768115941,0.5655210144927536,116.1996739130435,195254.2391304348,D major,jazz,,
Hozier,2FXC3k01G6Gw61bmprjgqS,0.4480208333333333,0.5164375,-7.487791666666666,0.0463270833333333,0.3843343958333333,0.0487191779166666,0.1360291666666666,0.3395229166666667,116.83606249999998,241630.72916666663,G major,rock,,
Ms. Lauryn Hill,2Mu5NfyYm8n5iTomuKAEHl,0.6523846153846153,0.4936269230769231,-12.291384615384615,0.3029307692307692,0.2708384615384615,0.0004171399999999,0.25895,0.6108461538461538,102.29530769230767,281465.6923076923,C# major,soul,,
Incubus,3YcBF2ttyueytpXtEzn1Za,0.5084141414141414,0.7865757575757577,-6.192252525252526,0.057950505050505,0.08039821010101,0.0761957989898989,0.1810515151515151,0.4321404040404041,134.34174747474745,245848.59595959596,A major,funk,,
Farruko,329e4yvIujISKGKz1BZZbO,0.6959629629629629,0.7456962962962963,-5.0904740740740735,0.1002822222222222,0.2143546666666666,0.0005877182962962,0.2171911111111111,0.5978,123.40826666666663,223879.2962962963,B minor,latin,,
Red Hot Chili Peppers,0L8ExT028jH3ddEcZwqJJ5,0.5307488584474886,0.7874109589041095,-5.798831050228311,0.0673063926940639,0.0685414155251141,0.0567808587214611,0.1706557077625571,0.5009534246575342,120.36390410958904,259293.3698630137,C major,funk,rock,
Kali Uchis,1U1el3k54VvEUzo3ybLPlM,0.6366025641025642,0.5550974358974359,-7.8410897435897455,0.0675833333333333,0.2865464102564103,0.0218805683333333,0.1916448717948717,0.4739205128205128,117.95052564102566,180635.4358974359,F# minor,pop,,
Swedish House Mafia,1h6Cn3P4NGzXbaXidqURXs,0.58544,0.65728,-7.711320000000001,0.09074,0.082635032,0.3906169716,0.215492,0.201592,124.43600000000002,269980.92,D major,edm,,
Dean Martin,49e4v89VmlDcFCMyDv9wQ9,0.495436974789916,0.4286386554621849,-10.407168067226891,0.039444537815126,0.6890605042016806,0.0036681406722689,0.2006714285714285,0.5327563025210084,117.14718487394958,162275.12605042016,D# major,jazz,,
Maroon 5,04gDigrS5kc9YWfZHwBETP,0.6601734693877551,0.7005,-5.4876734693877545,0.0515551020408163,0.1335249693877551,0.0006148139795918,0.1587826530612245,0.5434908163265305,120.01014285714288,213872.7857142857,E minor,pop,,
Major Lazer,738wLrAtLtCtFOLvQBXOXp,0.7097407407407408,0.778216049382716,-5.606037037037037,0.1186895061728394,0.0665001172839506,0.1786651621604938,0.2337950617283951,0.5229111111111111,126.76183950617283,199147.8950617284,G major,edm,,
Travis Scott,0Y5tJX1MQlPlqiwlOH1tJY,0.6605180722891566,0.6387469879518073,-5.2781686746987955,0.0997698795180723,0.1509394216867469,0.011254876506024,0.2159409638554217,0.3108325301204819,126.2548313253012,227478.3253012048,C# major,hip hop,rap,
SZA,7tYKF4w9nC0nq9CsPZTHyP,0.6250588235294119,0.5409264705882354,-8.036573529411765,0.1463470588235293,0.3684436764705883,0.0233795927941176,0.1730897058823529,0.4071147058823529,114.77388235294116,200462.6911764706,C# major,pop,rap,
Missy Elliott,2wIVse2owClT7go1WT98tk,0.7731807228915664,0.5936626506024096,-8.558734939759036,0.2708939759036144,0.2442927710843373,0.0299640254216867,0.1995120481927711,0.6450722891566265,115.13956626506022,226630.61445783137,C# major,soul,,
The Temptations,3RwQ26hR2tJtA8F9p2n7jG,0.6034574468085107,0.5645007978723404,-10.643353723404257,0.0591452127659574,0.3575710904255319,0.0115867967819148,0.1871079787234042,0.6535140957446808,115.0049095744681,250951.65425531915,C major,soul,,
Dan + Shay,7z5WFjZAIYejWy0NI5lv4T,0.5778405797101448,0.5888985507246376,-7.525420289855073,0.1845739130434782,0.3281173913043478,9.933333333333337e-07,0.2027173913043478,0.5773478260869566,125.430115942029,172348.1739130435,A# major,country,,
Arctic Monkeys,7Ln80lUS6He07XvHI8qqHH,0.4905625,0.7226125,-6.5790750000000005,0.0571275,0.14565160375,0.05004797875,0.179565,0.5454625,125.283425,208626.25,B minor,rock,,
Rich The Kid,1pPmIToKXyGdsCF6LmqLmI,0.7864252873563218,0.5882298850574713,-6.475057471264367,0.2829942528735632,0.1087465103448276,1.9200919540229885e-05,0.1501655172413792,0.4597390804597701,122.79229885057478,171455.71264367815,C# major,hip hop,,
AFROJACK,4D75GcNG95ebPtNvoNVXhz,0.6472000000000001,0.8301090909090909,-5.405381818181817,0.0762690909090909,0.0877765272727272,0.23166032,0.1915563636363636,0.3556072727272727,129.0770909090909,250799.54545454544,C major,edm,,
Twenty One Pilots,3YQKmKGau1PzlVlkL1iodx,0.6448307692307692,0.6333092307692308,-6.8632307692307695,0.060256923076923,0.1771427384615384,0.0125138272307692,0.1642784615384615,0.4859569230769231,122.32758461538462,235917.8,G major,rock,,
Mainstreet,25XJqeReVV38w0tR04GGBd,0.589,0.6611666666666667,-5.847333333333332,0.154725,0.1342966666666666,5.865833333333334e-06,0.1209333333333333,0.3617499999999999,124.53475,195108.91666666663,F# minor,funk,,
Treaty Oak Revival,3444S3C4U9Ts86BnCtSPRV,0.4579047619047618,0.8352,-4.782761904761905,0.1405047619047618,0.0526857142857142,0.000263828095238,0.2091857142857142,0.4492380952380952,136.20185714285714,212003.61904761905,A major,country,,
Johnny Cash,6kACVPfCOnqzgfEF5ryl0x,0.5864130434782608,0.3902633540372671,-12.527416149068324,0.104987784679089,0.7186461397515527,0.0260534923084886,0.1946223602484472,0.5886511387163561,111.84552691511388,157968.0807453416,A major,country,,
Lainey Wilson,6tPHARSq45lQ8BSALCfkFC,0.5695675675675677,0.6945135135135135,-5.622675675675676,0.0403081081081081,0.178682108108108,0.0050002975675675,0.1760864864864865,0.5713756756756756,133.79578378378378,206340.5945945946,D major,country,,
Shakira,0EmeFodog0BfCgMzAIvKQp,0.7057543859649121,0.6773429824561402,-6.272052631578947,0.061409649122807,0.2668717543859649,0.0044794030701754,0.1568473684210526,0.602859649122807,127.28134210526316,211600.0701754386,C major,latin,pop,
Chuck Berry,293zczrfYafIItmnmM3coR,0.6105363636363637,0.6149681818181818,-10.4201,0.0662318181818181,0.5783880454545455,0.1669428394999999,0.2475390909090909,0.7730772727272727,125.57416363636364,188982.07727272727,C major,rock,,
Yandel,0eHQ9o50hj6ZDNBt6Ys1sD,0.7252542372881354,0.7872966101694916,-4.5676610169491525,0.1091533898305084,0.1136010508474576,0.000540538898305,0.1956110169491526,0.6310762711864408,123.7169661016949,206638.5254237288,B minor,latin,,
Darell,1TtXnWcUs0FCkaZDPGYHdf,0.7813333333333332,0.6970888888888888,-5.306222222222222,0.1822333333333333,0.3488884444444444,0.0042477968888888,0.15562,0.5841111111111111,123.04295555555557,217770.13333333333,F minor,latin,,
$uicideboy$,1VPmR4DJC1PlOtd0IADAO0,0.7442065217391306,0.6283600163043479,-6.840695652173913,0.1453092391304347,0.1489378793478261,0.0397037998913043,0.2245766304347826,0.3256701086956521,123.31001630434784,149671.1847826087,C# major,hip hop,rap,
Lana Del Rey,00FQb4jTyendYWaN8pK0wa,0.4213781512605042,0.4109571428571428,-9.927319327731093,0.0480949579831932,0.6384565546218488,0.0327951315966386,0.1597680672268907,0.2125554621848739,116.04594957983194,270280.243697479,C major,pop,,
De La Soul,1Z8ODXyhEBi3WynYw0Rya6,0.7399068322981367,0.6650434782608696,-7.838136645962733,0.2903360248447205,0.2206731055900621,0.0099522339130434,0.3075900621118013,0.6794161490683229,100.68601242236024,210394.9627329193,C# major,jazz,,
Aretha Franklin,7nwUJBm0HE4ZxD3f5cy5ok,0.5129301470588236,0.4582231617647059,-10.058797794117648,0.0568367647058823,0.5666112132352942,0.0032536419852941,0.2046297794117647,0.5254764705882353,120.75307720588236,216225.0588235294,C major,jazz,soul,
Louis Armstrong,19eLuQmk9aCobbVDHc6eek,0.5580627177700348,0.3104961672473867,-12.73425087108014,0.1080660278745644,0.805517212543554,0.1163572840940766,0.2900677700348432,0.5622749128919862,112.40259581881531,208678.606271777,G# major,jazz,soul,
Topic,0u6GtibW46tFX7koQ6uNJZ,0.6127857142857144,0.6460714285714284,-6.2447857142857135,0.0489999999999999,0.0999471428571428,0.1730019821428571,0.1925642857142857,0.2662714285714286,119.62821428571428,224783.14285714287,C minor,edm,,
Ozuna,1i8SpTcr7yvPOmcqrbnVXY,0.7567704918032786,0.6823934426229508,-5.2120655737704915,0.1056385245901639,0.2166493442622951,0.0068177219672131,0.1589254098360655,0.628967213114754,127.5030819672131,200520.89344262297,F minor,latin,pop,
Cris Mj,1Yj5Xey7kTwvZla8sqdsdE,0.786451612903226,0.691258064516129,-5.563935483870968,0.0915354838709677,0.1778254838709677,0.0208141054838709,0.1486548387096774,0.5913225806451613,103.55116129032255,190382.29032258064,C# major,latin,,
L7NNON,0JjPiLQNgAFaEkwoy56B1C,0.7397719298245614,0.5463859649122806,-8.146649122807018,0.2647701754385965,0.3537280701754385,0.0013680042105263,0.1550017543859649,0.5188771929824562,117.32538596491229,188855.49122807017,C# minor,funk,,
Stevie Wonder,7guDJrEfX3qb6FEbdPA5qi,0.5569893617021276,0.5193262411347518,-12.002056737588653,0.0522163120567375,0.3642104503546099,0.056576014503546,0.1950173758865248,0.6073365248226951,115.06693971631204,246952.5460992908,C# major,soul,,
Lil Peep,2kCcBybjl3SAtIcwdWpUe3,0.5952,0.6104777777777778,-7.040355555555556,0.0736455555555555,0.1153129322222222,0.0335444435555555,0.17825,0.2826555555555555,123.55366666666669,187059.72222222225,D major,hip hop,rap,
Rauw Alejandro,1mcTU81TzQhprhouKaTkpq,0.7429342105263158,0.7004999999999999,-4.248171052631579,0.1140921052631578,0.2813225,0.0135843765789473,0.2109697368421052,0.4883052631578947,121.94136842105266,207114.63157894736,B minor,latin,pop,
Beyoncé,6vWDO969PvNqNYHIOW5v0m,0.5771012658227849,0.550704746835443,-8.82389240506329,0.1594341772151898,0.2838903670886075,0.0232763215822784,0.2489689873417721,0.4464430379746836,111.64979113924052,208158.69620253163,C# major,pop,,
Colter Wall,3xYXYzm9H3RzyQgBrYwIcx,0.5924791666666667,0.3404583333333333,-12.468791666666666,0.0663520833333333,0.7229166666666665,0.0905755716666666,0.1542416666666666,0.4867354166666667,116.38047916666665,200249.375,G major,country,,
Three Days Grace,2xiIXseIJcq3nG7C8fHeBj,0.4596941176470588,0.8243764705882352,-4.669517647058823,0.0484129411764705,0.0244730603529411,0.0014209258823529,0.2020282352941176,0.3906011764705882,134.44458823529413,203838.7411764706,D major,rock,,
KAYTRANADA,6qgnBH6iDM91ipVXv28OMu,0.7255777777777779,0.6608,-8.00308888888889,0.2271399999999999,0.0876352444444444,0.1835182635555555,0.1756,0.477031111111111,109.9447111111111,200393.64444444445,C# major,soul,,
Radiohead,4Z8W4fKeB5YxbusRsdQVPb,0.3915859649122807,0.546219298245614,-10.548754385964912,0.0505473684210526,0.3608557754385965,0.4006726966666666,0.1660228070175438,0.3082701754385964,117.7277807017544,246853.92105263157,G major,rock,,
OneRepublic,5Pwc4xIPtQLFEnJriah9YJ,0.4935408602150537,0.6503688172043011,-7.638688172043012,0.0450118279569892,0.2114136451612903,0.0906115315053763,0.1719247311827957,0.3388225806451612,124.08789247311827,232121.8817204301,D major,rock,,
Alan Jackson,4mxWe1mtYIYfP040G38yvS,0.6129453781512605,0.4458235294117647,-11.165373949579834,0.0327920168067226,0.4059617647058823,0.0039401426890756,0.1768373949579832,0.4943953781512605,124.06145798319328,219576.38655462183,D major,country,,
Ray Charles,1eYhYunlNJlDoQhtYBvPsi,0.502172,0.320394,-12.750496,0.0612592,0.7564048,0.07349880188,0.1625288,0.5088564,110.565036,210096.192,G# major,jazz,soul,
Lil Uzi Vert,4O15NlyKLIASxsJ0PrXPfz,0.7421836734693877,0.6392993197278912,-6.055231292517006,0.216404081632653,0.144888093877551,0.0088831034013605,0.2117074829931972,0.4282938775510204,134.48593197278913,204814.0612244898,C# major,hip hop,rap,
blink-182,6FBDaR13swtiWwGhX1WQsP,0.4706470588235295,0.8782436974789917,-4.621084033613445,0.0879504201680672,0.0351665940336134,0.0247181624369747,0.2073924369747899,0.4725403361344538,135.91240336134456,176131.02521008404,C major,rock,,
Lil Wayne,55Aa2cqylxrFIXC767Z865,0.6865063938618925,0.7014237851662405,-5.93535294117647,0.2488611253196931,0.1241920480818414,0.0003217265217391,0.2310959079283887,0.5552437340153453,121.71492071611252,226104.73657289,C# major,hip hop,pop,rap
Nelly Furtado,2jw70GZXlAI8QzWeY2bgRc,0.6221058823529412,0.6651541176470588,-7.03845882352941,0.0617576470588235,0.1413508235294117,0.0719295923529411,0.2233694117647059,0.491104705882353,123.78924705882356,231162.7882352941,D major,latin,,
James Blake,53KwLdlmrlCelAZMaLVZqU,0.4536955056179775,0.3115068539325843,-15.504258426966292,0.0675022471910112,0.7405752808988765,0.3284512032584269,0.1344685393258426,0.1867258426966292,112.3635393258427,235976.08988764044,C major,soul,,
Galantis,4sTQVOfp9vEMCemLw50sbu,0.5691282051282051,0.8032820512820513,-4.085025641025642,0.0602102564102564,0.0933335897435897,0.0178333935897435,0.2084025641025641,0.417128205128205,123.80161538461536,208495.79487179487,E major,edm,,
Coolio,3y24n3XhZ96wgwRXjvS17T,0.8216933333333334,0.6086533333333334,-8.741973333333334,0.2188133333333333,0.1155764,0.0009803412,0.2040799999999999,0.6245333333333333,103.24686666666666,238782.09333333332,C# major,funk,,
Ed Sheeran,6eUKZXaKkcviH0Ku9w2n3V,0.657515625,0.55301484375,-7.2170234375,0.0741109375,0.4524673046874999,0.0003965605468749,0.16466953125,0.506078125,113.501296875,212083.3984375,G major,pop,,
Wiz Khalifa,137W8MRPWKqSmrBGDBFSop,0.7070597345132743,0.6996061946902654,-5.956723451327433,0.2009884955752212,0.1347977853982301,0.0051574877212389,0.2611393805309734,0.4941973451327434,121.73315044247788,213207.5132743363,C# major,hip hop,,
AC/DC,711MCceyCBcFnzjGY4Q7Un,0.4978823529411765,0.8176,-4.732094117647059,0.0575529411764705,0.0270577968235294,0.163270266117647,0.1869847058823529,0.5366082352941176,124.20229411764706,243167.27647058823,A major,rock,,
Daryl Hall & John Oates,77tT1kLj6mCWtFNqiOmP9H,0.6068456375838925,0.625244966442953,-9.25373154362416,0.047344966442953,0.2932981543624161,0.0096505959731543,0.2628489932885906,0.6579510067114094,120.27655704697987,267750.41610738257,C major,rock,,
Eazy-E,7B4hKK0S9QYnaoqa9OuwgX,0.743125,0.71365,-7.427625000000001,0.2056549999999999,0.02837695,0.0092129817499999,0.280165,0.569325,112.32907500000002,240582.325,C# major,funk,,
Estelle,5T0MSzX9RC5NA6gAI6irSn,0.6145243902439025,0.7171585365853658,-6.051512195121951,0.1733268292682926,0.2017571329268292,0.0066999047560975,0.210790243902439,0.5854999999999999,109.62207317073174,209228.28048780488,B minor,soul,,
Drake,3TVXtAsR1Inumwj472S9r4,0.6520346153846154,0.5456838461538461,-8.301823076923078,0.2161176923076923,0.2299118576923077,0.0080929168846153,0.1969430769230769,0.3494123076923077,119.0209923076923,240026.79230769232,C# major,hip hop,pop,rap
John Legend,5y2Xq6xcjJb2jVM54GHK3t,0.5307405405405405,0.5958972972972973,-6.933394594594594,0.0860118918918918,0.3886453513513512,0.0396331357297297,0.2567091891891892,0.4899535135135135,111.50366486486486,226118.17297297297,C major,soul,,
Kygo,23fqKkggKUBHNkbKtXEls4,0.623875,0.6136785714285714,-7.360696428571429,0.0639696428571428,0.2903267857142856,0.0185393242857142,0.1499214285714285,0.3361392857142857,113.826625,218230.30357142855,C major,edm,,
Don Omar,33ScadVnbm2X8kkUqOkC6Z,0.7298781725888326,0.769248730964467,-5.903472081218274,0.1367802030456852,0.1821783401015228,0.0034413654822335,0.2069593908629441,0.6728274111675125,115.25782741116753,221191.461928934,G major,latin,,
Bootsy Collins,5K0rbdBrs2tNXe5LeWMATT,0.6356147540983605,0.6635934426229508,-10.240819672131147,0.1674762295081966,0.2314765983606557,0.0552205536885246,0.3351688524590164,0.5796475409836066,101.83963934426232,239246.54098360657,E minor,funk,soul,
Megan Moroney,5Ppie0uPnbnvGBYRwYmlt0,0.444125,0.5365,-6.6442499999999995,0.0415062499999999,0.22752375,3.8631249999999995e-06,0.1535125,0.3888749999999999,114.1111875,198367.8125,A major,country,,
Bon Iver,4LEiUm1SRbFMgfqnQTwUbQ,0.4592926829268292,0.301590243902439,-14.274317073170732,0.0630268292682926,0.870390243902439,0.2128821409756097,0.1761853658536585,0.2458512195121951,116.00531707317072,217182.70731707316,A major,rock,,
The Pharcyde,7yk35uHNQclPXFGFoTU44w,0.7476164383561644,0.6646438356164384,-8.743999999999998,0.2900931506849315,0.2812039726027397,0.0359029809589041,0.2548369863013698,0.681027397260274,100.7172602739726,217206.2876712329,A# minor,jazz,,
Alicia Keys,3DiDSECUqqY1AuBP8qtaIa,0.5210322580645163,0.5972366568914956,-7.306856304985337,0.1074155425219941,0.3925287976539589,0.0311898591495601,0.3563076246334311,0.3535950146627566,111.35043108504398,212795.08211143696,B minor,soul,,
Nujabes,3Rq3YOF9YG9YfCWD4D56RZ,0.7015428571428569,0.6489428571428573,-9.035619047619049,0.0990361904761904,0.315797201047619,0.6037467354285715,0.16474,0.684097142857143,109.49370476190477,251653.78095238097,A# minor,jazz,,
Billy Joel,6zFYqv1mOsgBRQbae3JJ9e,0.542113043478261,0.54368,-11.175199999999998,0.0478921739130434,0.3923199130434783,0.1020111478260869,0.1671321739130435,0.5224834782608696,119.23022608695652,263040.62608695653,C major,rock,,
Kaskade,6TQj5BFPooTa08A7pk8AQ1,0.6733857868020307,0.687786802030457,-7.440624365482234,0.0748619289340101,0.1776418883248731,0.3005696728426396,0.1640812182741116,0.355497461928934,121.33851269035532,229514.2233502538,E minor,edm,,
Miles Davis,0kbYTNQb4Pb1rPbbaF0pT4,0.5154907407407407,0.3899299691358024,-14.05437037037037,0.1067108024691357,0.5628613311728394,0.2355428439814814,0.2088768518518518,0.4801848765432098,111.22397839506174,390854.72222222225,G# major,jazz,,
Young Thug,50co4Is1HCEo8bhOyUWKpn,0.7496032786885246,0.5666078688524591,-8.40103606557377,0.2350875409836065,0.1071738393442622,0.0010247249836065,0.1965416393442623,0.4589724590163934,128.77650163934425,207566.07213114755,C# major,hip hop,rap,
Fleetwood Mac,08GQAI4eElDnROBrJRGE0X,0.5403846153846155,0.5327823529411765,-11.080669683257916,0.0508805429864253,0.4713725791855203,0.1763234751131221,0.2697429864253394,0.620824886877828,123.6991221719457,253685.92760180996,D major,rock,,
mgk,6TIYQ3jFPwQSRmorSezPxX,0.644504201680672,0.7099159663865545,-6.197781512605042,0.1351126050420168,0.0898269218487395,0.0083922894117647,0.2025268907563025,0.3679882352941176,125.14377310924368,193743.1092436975,C# major,hip hop,,
USHER,23zg3TcAtWQy7J6upgbUnj,0.6718150289017341,0.603965317919075,-7.029381502890174,0.0992450867052023,0.1532133236994219,0.000828146300578,0.1638971098265896,0.5366173410404624,117.9444624277457,230544.36994219653,C# major,hip hop,pop,rap
Sofi Tukker,586uxXMyD5ObPuzjtrzO1Q,0.6544999999999999,0.6903636363636362,-7.155227272727274,0.0606363636363636,0.1349377727272727,0.1653104809090909,0.2033909090909091,0.5220454545454547,114.91690909090909,180937.86363636365,A minor,edm,,
Robin Schulz,3t5xRXzsuZmMDkQzgOX35S,0.617625,0.710046875,-6.97475,0.082465625,0.0899220312499999,0.11806314140625,0.170984375,0.3625140625,120.1743125,198359.5,F# minor,edm,,
Jelly Roll,19k8AgwwTSxeaxkOuCQEJs,0.6514044585987261,0.6860987261146497,-7.158605095541402,0.1455359872611465,0.1210635452229299,0.0003473168152866,0.2310003184713375,0.4343633757961783,124.1238375796178,212034.14968152865,B minor,country,hip hop,rap
Foo Fighters,7jy3rLJdDQY21OgRLCZ9sD,0.4477037037037036,0.7769429629629631,-6.228466666666667,0.0511162962962963,0.079447801037037,0.0840515264444444,0.1949807407407407,0.4048222222222222,134.18936296296295,257470.24444444448,D major,rock,,
Kurupt,6NyJIFHAePjHR1pFxwisqz,0.728095,0.69149,-6.8113649999999994,0.27409,0.14513542,0.0472630896999999,0.2303159999999999,0.5793585,104.87317499999996,241382.3,C# major,funk,,
deadmau5,2CIMQHirSU0MQqyYHq0eOx,0.6815058823529412,0.6431434705882353,-9.777017647058823,0.0917005882352941,0.1426515511764706,0.66542515,0.2015529411764706,0.2735905882352941,121.9043588235294,361165.8,C# major,edm,,
Khruangbin,2mVVjNmdjXZZDvhgQWiakk,0.5933012048192771,0.4765710843373494,-12.430831325301204,0.0673156626506024,0.2438467831325301,0.7137381360240963,0.2714590361445783,0.6116578313253013,103.69337349397593,262975.0963855422,B minor,soul,,
Norah Jones,2Kx7MNY7cI1ENniW7vT30N,0.5439444444444445,0.3128530303030302,-11.3050101010101,0.0374080808080808,0.7067479797979799,0.0953269838383838,0.1247045454545454,0.3625292929292929,114.60162626262628,219309.2626262626,C major,jazz,,
Tory Lanez,2jku7tDXc6XoB6MO2hFuqg,0.6023192771084337,0.6070722891566265,-8.226921686746989,0.2438487951807228,0.1722168373493975,6.323337349397591e-05,0.1810933734939759,0.4204072289156626,118.18951204819274,219240.1265060241,C# major,hip hop,pop,rap
Carrie Underwood,4xFUf1FHVy696Q1JQZMTRj,0.4843719008264463,0.6629256198347108,-4.849818181818182,0.0491867768595041,0.3211986859504132,1.844586776859505e-05,0.1391132231404959,0.3935809917355372,120.88734710743802,226007.81818181815,D major,country,,
NF,6fOMl44jA4Sp5b9PpYCkzz,0.6426385542168673,0.6951337349397592,-5.939879518072289,0.2020650602409638,0.3226851445783132,9.105168674698796e-05,0.1739349397590361,0.3229951807228916,120.02680722891564,237012.2891566265,C# major,hip hop,,
Michael Bublé,1GxkXlMwML1oSg5eLPiAz3,0.4795581395348838,0.4534494186046512,-7.986011627906977,0.0405476744186046,0.5196887965116279,0.0052732924999999,0.1759156976744186,0.4608552325581395,115.26242441860468,210165.80813953487,F major,jazz,,
Taylor Swift,06HL4z0CvFAxyc27GXpf02,0.591530487804878,0.6064969512195122,-6.844179878048781,0.0522140243902439,0.2426708323170731,0.0030503297560975,0.1452280487804878,0.4109789634146341,123.72175609756096,243057.48780487804,G major,pop,,
BTS,3Nrfpe0tUJi4K4DXYWgMUX,0.6223977272727272,0.7618409090909091,-5.24072159090909,0.1715244318181818,0.1633671761363636,0.0208100561363636,0.2059335227272727,0.5404960227272727,120.3970909090909,215866.6875,C# major,pop,,
Al Green,3dkbV4qihUeMsqN4vBGg93,0.6920933333333333,0.4663866666666667,-10.47296,0.0498733333333333,0.3716756,0.0539058458666666,0.1451306666666666,0.6704266666666667,113.25366666666667,217773.37333333332,F major,funk,soul,
Syleena Johnson,1lE6SEy8f84Zhjvp7r8yTD,0.5536436781609195,0.5605517241379311,-7.733793103448276,0.1216057471264367,0.2762393103448275,0.0200471122988505,0.19893908045977,0.4976862068965518,110.9390574712644,222918.3448275862,C major,soul,,
Mora,0Q8NcsJwoCbZOHHW63su5S,0.7033050847457626,0.6263050847457626,-6.320610169491523,0.1237949152542373,0.4078474576271186,0.0048150337288135,0.1390186440677966,0.5446186440677966,123.6247966101695,188701.50847457623,B minor,latin,,
Bad Bunny,4q3ewBCX7sLwd24euuV69X,0.7474821428571429,0.6654910714285714,-5.861821428571429,0.1308348214285714,0.2387107142857142,0.0058943991071428,0.17100625,0.48704375,121.29076785714284,207868.57142857145,C# major,latin,,
Rage Against The Machine,2d0hyoQ5ynDBnkvAbJKORj,0.4517749999999999,0.8473749999999999,-6.456275,0.145345,0.03508665,0.04002739475,0.2404325,0.47047,117.2379,253567.975,G major,funk,,
Cage The Elephant,26T3LtbuGT1Fu9m0eRq5X3,0.4695333333333333,0.8081,-4.5800833333333335,0.0659566666666666,0.0808446538333333,0.0421433626666666,0.2006133333333333,0.44256,128.08831666666666,214078.0,C major,rock,,
Sugar Ray,4uN3DsfENc7dp0OLO0FEIb,0.6330375,0.7767000000000001,-5.695,0.06872375,0.07876609125,0.067971429375,0.2032625,0.6929125,114.46256250000002,200815.8875,C# major,funk,,
My Chemical Romance,7FBcuc1gsnv6Y1nwFtNRCb,0.4053333333333334,0.8449595238095239,-4.627761904761904,0.0774809523809523,0.0887238095238095,0.0365937288095238,0.2340380952380952,0.3501428571428571,136.95261904761904,213527.92857142855,D major,rock,,
Count Basie,2jFZlvIea42ZvcCw4OeEdA,0.5413496240601503,0.3088375939849624,-14.392109022556392,0.0693231829573935,0.7425085213032582,0.3075887603258145,0.2323587719298245,0.5486614035087719,120.18604010025062,222342.45238095237,C major,jazz,,
Dua Lipa,6M2wZ9GZgrQXHCFfjv46we,0.6918333333333333,0.6948333333333334,-5.838236111111112,0.0850124999999999,0.0856149166666666,0.0117910980555555,0.1719319444444444,0.5504722222222223,112.78,198676.05555555556,C major,pop,,
Commodores,6twIAGnYuIT1pncMAsXnEm,0.6796106194690266,0.6073424778761062,-11.84283185840708,0.0554008849557522,0.2210975221238938,0.05047238,0.1155610619469026,0.7163787610619469,115.3018849557522,267957.49557522126,A major,funk,,
Lost Frequencies,7f5Zgnp2spUuuzKplmRkt7,0.6775434782608695,0.6754782608695652,-7.654043478260869,0.0566260869565217,0.241564347826087,0.0560822523913043,0.1620326086956521,0.3737086956521739,122.42452173913044,197085.80434782608,A minor,edm,,
Sam Cooke,6hnWRPzGGKiapVX1UCdEAC,0.4776538461538461,0.3774961538461539,-11.854692307692307,0.0456038461538461,0.7229999999999998,0.0198462546153846,0.2164807692307692,0.6378076923076924,113.60065384615385,154289.88461538462,G major,jazz,soul,
Alesso,4AVFqumd2ogHFlRbKIjp1t,0.4909090909090908,0.7162727272727274,-5.328545454545454,0.0465545454545454,0.1864090909090909,0.2664604036363636,0.2977272727272727,0.3479090909090909,122.7951818181818,217065.2727272727,F# minor,edm,,
"Earth, Wind & Fire",4QQgXkCYTt3BlENzhyNETg,0.6460060975609757,0.6599737804878049,-9.882262195121951,0.0728390243902439,0.3030881402439024,0.1274394390853658,0.2362128048780488,0.6743676829268294,116.3498292682927,236361.41463414635,A major,funk,jazz,soul
Nina Simone,7G1GBhoKtEPnP86X2PvEYO,0.4578835616438356,0.3701465753424657,-12.691869863013698,0.0553506849315068,0.7595417808219178,0.0507299753424657,0.2257780821917808,0.4769732876712329,112.12860273972602,211802.2397260274,A minor,jazz,,
Playboi Carti,699OTQXzgjhIYAHMy9RyPD,0.7648392857142857,0.6369107142857143,-6.020910714285715,0.2084392857142857,0.0769256071428571,3.636553571428572e-05,0.2084696428571428,0.3927089285714286,136.59324999999998,173295.44642857142,C# major,hip hop,rap,
Young Miko,3qsKSpcV3ncke3hw52JSMB,0.77884,0.56076,-7.23188,0.240052,0.3325639999999999,0.000915144,0.2001679999999999,0.5503600000000001,125.31948,157236.64,B major,latin,,
T-Pain,3aQeKQSyrW4qWr35idm0cy,0.6146947368421053,0.561242857142857,-8.005345864661654,0.1746616541353383,0.1141123413533834,0.0069878030827067,0.1999067669172932,0.4111819548872181,115.8384060150376,212895.22556390977,C# major,hip hop,,
Justin Quiles,14zUHaJZo1mnYtn6IBRaRP,0.713970588235294,0.7080147058823529,-5.1099264705882375,0.138135294117647,0.19515,4.723882352941176e-05,0.1732573529411764,0.6426779411764705,130.0224117647059,208540.33823529413,F# minor,latin,,
Lee Brice,5Zq7R5qmi58ByYyBQTlNuk,0.5421549295774646,0.656267605633803,-7.4503802816901405,0.0427225352112676,0.2046452112676056,0.0002012194366197,0.1727394366197183,0.4339014084507042,123.80204225352112,213642.52112676055,G major,country,,
Funk Wav,4A0TivfinfALCAMJqqjZIk,0.774,0.7611111111111111,-4.179444444444445,0.0995888888888889,0.2858,0.0002057233333333,0.1301555555555555,0.6944444444444444,108.4648888888889,228961.11111111112,F# minor,funk,,
Thee Sacred Souls,0oK5D6uPhGu4Jk2dbZfodU,0.5060000000000001,0.4444166666666667,-8.603583333333333,0.0290083333333333,0.5509999999999999,0.00023939,0.1589833333333333,0.5914166666666667,136.5675,193637.25,B minor,soul,,
Panic! At The Disco,20JZFwl6HVl6yg8a4H3ZqK,0.4755802469135802,0.7691728395061728,-5.4525802469135805,0.0832469135802469,0.1209307913580246,0.0151628037037037,0.2257259259259259,0.4987876543209876,133.07880246913578,199731.8765432099,A minor,rock,,
Mary J. Blige,1XkoF8ryArs86LZvFOkbyr,0.6338677042801556,0.6003151750972763,-6.929439688715953,0.1362591439688716,0.2414303073929961,0.007043360077821,0.1824501945525292,0.5051334630350195,114.01824513618676,245763.5953307393,C# major,soul,,
Masego,3ycxRkcZ67ALN3GQJ57Vig,0.7113695652173913,0.5168217391304348,-8.487521739130438,0.1868543478260869,0.4471847826086956,0.0457099569565217,0.2187826086956521,0.5275869565217391,108.51456521739128,195549.5434782609,E minor,soul,,
Kool & The Gang,3VNITwohbvU5Wuy5PC6dsI,0.6647310344827586,0.6092827586206897,-11.112282758620688,0.07242,0.2112591724137931,0.0825395231034482,0.1915724137931034,0.6668689655172414,112.81071034482758,264705.5931034483,C major,funk,,
Sade,47zz7sob9NUcODy0BTDvKx,0.6492542372881358,0.4144305084745762,-11.328745762711865,0.039057627118644,0.4313101694915254,0.1241306,0.1049694915254237,0.5381881355932203,114.958,276464.27118644066,F minor,soul,,
50 Cent,3q7HBObVc0L8jNeTe5Gofh,0.6341326530612245,0.7663163265306123,-4.7853979591836735,0.2976632653061224,0.1406841428571428,0.0139350425510204,0.2145877551020407,0.5806020408163266,107.71892857142858,201535.83673469388,C# major,hip hop,,
DJ Snake,540vIaP2JwjQb9dm3aArA4,0.629151515151515,0.7859090909090909,-4.575484848484849,0.0874666666666666,0.1221984848484848,0.1334669006060606,0.223630303030303,0.3539727272727272,129.60909090909092,219329.0,C# major,edm,,
Wisin & Yandel,1wZtkThiXbVNtj6hee6dz9,0.7538702702702703,0.795454054054054,-5.2645405405405405,0.1209675675675675,0.1212038648648648,0.0033299118918918,0.1827945945945946,0.5739297297297297,113.3638162162162,231454.05405405405,A minor,latin,,
Jason Aldean,3FfvYsEGaIb52QPXhg4DcH,0.5378108108108108,0.7266702702702702,-5.936897297297297,0.1016751351351351,0.1947507081081081,7.780756756756758e-05,0.2198027027027027,0.5414864864864865,133.956372972973,195562.85945945943,G major,country,rock,
Erykah Badu,7IfculRW2WXyzNQ8djX8WX,0.6459375,0.47743265625,-9.642203125,0.1364484375,0.28482859375,0.08587482515625,0.2103125,0.487334375,108.657984375,288399.15625,C# major,soul,,
DENNIS,6xlRSRMLgZbsSNd0BMobwy,0.8482439024390243,0.7393414634146344,-4.7457723577235775,0.137790243902439,0.228808406504065,0.007251331300813,0.135779674796748,0.7412000000000001,128.745,163240.78048780488,B minor,funk,,
W&W,2rTo8KIkBTFjQS7VvaKYQ4,0.5971818181818181,0.8048181818181818,-6.991363636363636,0.0606090909090909,0.0282305454545454,0.7059126727272728,0.1810727272727272,0.2568272727272727,131.71836363636362,256788.9090909091,A minor,edm,,
R3HAB,6cEuCEZu7PAE9ZSzLLc2oQ,0.6209310344827585,0.6212413793103447,-7.170206896551725,0.0798241379310344,0.2224689655172413,0.1221083196551724,0.1592689655172413,0.3236206896551724,113.91293103448275,155448.0344827586,F minor,edm,,
A Tribe Called Quest,09hVIj6vWgoCDtT03h8ZCa,0.8147931034482758,0.5637011494252874,-8.974137931034482,0.2828206896551724,0.169947816091954,0.0427829379310344,0.2123724137931034,0.6757701149425287,99.3316551724138,220828.2183908046,C# major,jazz,,
Led Zeppelin,36QJpDe2go2KgaRleHCDTp,0.5245,0.357,-11.5245,0.04165,0.7585,0.05105,0.1765,0.629,111.815,276580.0,D major,rock,,
Eladio Carrion,5XJDexmWFLWOkjOEjOVX3e,0.6969150943396227,0.6365283018867925,-6.440188679245283,0.1868396226415094,0.3619981132075471,0.0010417924528301,0.1538830188679245,0.4857924528301887,123.40314150943396,175917.06603773584,C minor,latin,,
Kid Cudi,0fA0VVWsXO9YnASrzqfmYu,0.6487020202020202,0.6356414141414142,-7.464343434343435,0.0968550505050505,0.2945214797979797,0.1257198763131313,0.223970202020202,0.4451808080808081,125.78741919191918,213425.6313131313,C# major,hip hop,pop,rap
MC Cabelinho,1WQBwwssN6r8DSjUlkyUGW,0.7392295081967214,0.701327868852459,-5.123180327868852,0.150711475409836,0.3848262295081967,0.0010503578688524,0.1363967213114754,0.590639344262295,130.22683606557376,190729.131147541,A# minor,funk,,
Nicky Jam,1SupJlEpv7RS2tPNRaHViT,0.7453978494623656,0.7372043010752686,-5.5459139784946245,0.1303591397849462,0.2011429032258064,0.0001487603225806,0.1266,0.6578709677419354,119.8577956989247,185459.47311827957,G major,latin,,
Kane Brown,3oSJ7TBVCWMDMiYjXNiCKE,0.5706382978723405,0.7027446808510639,-6.388978723404256,0.0423893617021276,0.1719350212765957,2.995127659574468e-05,0.1549170212765957,0.5515744680851064,123.22048936170214,200509.72340425532,G major,country,,
Jay Wheeler,2cPqdH7XMvwaBJEVjheH8g,0.7073246753246754,0.4803116883116883,-7.75361038961039,0.1803207792207792,0.532074025974026,0.0028094384415584,0.1211376623376623,0.4513194805194804,139.2462077922078,194244.33766233767,C# minor,latin,,
Cigarettes After Sex,1QAJqy2dA3ihHBFIHRphZj,0.4498421052631579,0.3902631578947368,-10.420421052631578,0.0277473684210526,0.4682736842105263,0.6623052631578947,0.1103,0.1915105263157894,105.079,276550.8947368421,F major,pop,,
Jungle,59oA5WbbQvomJz2BuRG071,0.6184528301886794,0.6441509433962265,-7.742264150943397,0.0572584905660377,0.2739620754716981,0.2232406945283019,0.2728150943396226,0.5041339622641511,116.75705660377358,192437.15094339623,A# minor,soul,,
Rezz,4aKdmOXdUKX07HVd3sGgzw,0.63236,0.6961200000000001,-7.794599999999999,0.085842,0.1138259199999999,0.540025896,0.20107,0.2487879999999999,137.8208,182692.82,D major,edm,,
Metro Boomin,0iEtIxbK0KxaSlF7G42ZOp,0.7307320261437908,0.5272156862745098,-8.123575163398694,0.2162431372549019,0.1772975294117647,0.0381084365359477,0.2160359477124183,0.3003006535947712,127.5952156862745,214368.07189542483,C# major,hip hop,rap,
Nate Dogg,1Oa0bMld0A3u5OTYfMzp5h,0.7579152542372881,0.6387627118644067,-7.346745762711865,0.2380033898305084,0.1758150847457627,0.0114457208474576,0.2736593220338982,0.717322033898305,104.39294915254236,150206.5593220339,A# minor,funk,,
Marvin Gaye,3koiLjNrgRTNbOwViDipeA,0.5376791277258568,0.5162439252336449,-10.743595015576323,0.047641121495327,0.3949604984423676,0.0640500585981308,0.2083196261682242,0.6072548286604362,117.23830218068534,216005.5327102804,C major,soul,,
Otis Redding,60df5JBRRPcnSpsIMxxwQm,0.6309652173913043,0.4243486956521739,-12.149382608695651,0.07508,0.3938969565217391,0.0290503804347826,0.276655652173913,0.6749060869565219,124.67889565217392,182972.64347826087,C major,jazz,soul,
XXXTENTACION,15UsOTVnJzReFVN1VCnxy4,0.6821438848920864,0.468538345323741,-9.061446043165466,0.2145294964028777,0.409542634532374,0.0406588930935251,0.1766287769784172,0.3853827338129497,119.83238848920864,140542.7913669065,C major,hip hop,rap,
Creedence Clearwater Revival,3IYUhFvPQItj6xySrBmZkd,0.6261827956989248,0.6000860215053763,-10.005150537634409,0.0413881720430107,0.1619855376344086,0.1540774676344085,0.1278849462365591,0.712937634408602,123.32529032258068,232287.4193548387,D major,country,rock,
Bill Withers,1ThoqLcyIYvZn7iWbj8fsj,0.6670649350649349,0.4372740259740259,-12.87385714285714,0.0515883116883116,0.4754155844155844,0.0956403729870129,0.1099948051948051,0.6330142857142858,119.28666233766232,247353.98701298705,A major,funk,soul,
Ty Dolla $ign,7c0XG5cIJTrrAgEC3ULPiq,0.6740252100840335,0.5649075630252102,-7.792504201680672,0.133253781512605,0.230833025210084,0.0223055849579831,0.252990756302521,0.4523697478991596,120.00659663865544,186520.23529411765,B minor,hip hop,pop,rap
Camilo,28gNT5KBp7IjEOQoevXf9N,0.7282258064516131,0.596,-4.645225806451613,0.1116548387096774,0.3217477419354839,2.4506451612903224e-05,0.1526064516129032,0.7840967741935485,136.55119354838712,190558.48387096773,C major,latin,,
Miley Cyrus,5YGY8feqx7naU7z4HrwZM6,0.583392,0.6756392,-5.800320000000001,0.0592712,0.1466029368,0.023596928,0.1877632,0.430924,125.134376,215656.072,C major,pop,,
The Beatles,3WrFJ7ztbogyGnTHbHJFl2,0.5105172413793103,0.5227931034482759,-9.894758620689654,0.0499827586206896,0.2804398655172413,0.0026522458620689,0.2460620689655171,0.634448275862069,114.43306896551726,191959.24137931035,C major,rock,,
Britney Spears,26dSoYclwsYLMAKD3tpOr4,0.6973385826771655,0.7175511811023623,-5.73640157480315,0.0662188976377952,0.1604627244094488,0.0041059294488188,0.1712496062992126,0.6328346456692913,118.10662992125982,215598.3149606299,G major,pop,,
John Coltrane,2hGh5VOeeqimQFxqXvfCUf,0.4437886178861789,0.3599178048780487,-13.929520325203251,0.0524032520325203,0.7141544715447155,0.1418684411382114,0.1894650406504064,0.4571707317073171,107.74439837398376,474229.7723577235,F minor,jazz,,
Kenny G,6I3M904Y9IwgDjrQ9pANiB,0.4965423728813559,0.4663525423728813,-10.406796610169492,0.039464406779661,0.4454022429378531,0.4237422681355933,0.1412485875706214,0.3977463276836159,115.90419209039548,267346.5141242938,C major,jazz,,
ILLENIUM,45eNHdiiabvmbp4erw26rg,0.4808981481481481,0.7073611111111111,-4.943083333333333,0.0674416666666666,0.1259686574074074,0.0345446910185185,0.1976453703703703,0.2834037037037037,136.16862037037038,230459.05555555556,D major,edm,,
Cody Johnson,6zLBxLdl60ekBLpawtT63I,0.5382956521739131,0.6190422608695653,-6.6916521739130435,0.0360286956521739,0.2592153043478261,0.0004315646086956,0.1748573913043478,0.4975721739130434,125.14921739130436,217445.18260869564,G major,country,,
Offset,4DdkRBBYG6Yk9Ka8tdJ9BW,0.8009148936170212,0.5628936170212766,-7.025255319148934,0.1937382978723404,0.2404972340425532,0.0351090474468085,0.1577574468085106,0.341331914893617,129.10348936170217,192773.0638297872,C# major,hip hop,pop,
Nicki Minaj,0hCNtLu0JehylgoiP8L4Gh,0.7091290322580645,0.6811548387096775,-6.224683870967742,0.2066548387096773,0.1987130967741935,0.0067483276129032,0.2159987096774193,0.4630096774193548,123.19363870967742,216748.56129032257,C# major,hip hop,pop,rap
Chris Stapleton,4YLtscXsxbVgi031ovDDdh,0.5700999999999999,0.4604916666666667,-10.550350000000002,0.0357616666666666,0.3338881666666666,0.0719328705,0.1492316666666666,0.45027,118.6754,236438.35,A major,country,,
Jack Harlow,2LIk90788K0zvyj2JJVwkJ,0.777438202247191,0.5866179775280899,-7.208044943820224,0.2001865168539326,0.172308015730337,0.0035402976404494,0.1491876404494382,0.5170932584269663,116.62995505617978,175241.23595505618,C# major,hip hop,pop,rap
NLE Choppa,0ErzCpIMyLcjPiwT4elrtZ,0.7279896907216495,0.6862061855670103,-6.006567010309277,0.285840206185567,0.1470668041237113,0.0001029217525773,0.2012876288659794,0.5282896907216494,127.7260618556701,180859.88659793817,C# major,hip hop,,
GRiZ,25oLRSUjJk4YHNUsQXk7Ut,0.5503434343434344,0.7941717171717171,-5.693575757575758,0.1109484848484848,0.0889338838383838,0.177986428989899,0.2731686868686868,0.4384878787878787,123.93553535353534,253530.64646464647,C# major,jazz,,
Mc IG,2q9wk5fkeU2C9CgCKdh4AN,0.6985322580645162,0.5129838709677419,-7.170999999999999,0.2440306451612903,0.3654177419354839,9.122516129032258e-05,0.1343129032258064,0.6341774193548386,115.99490322580648,226968.14516129033,B minor,funk,,
Key Glock,0RESbWvOMyua0yuyVrztJ5,0.8831666666666668,0.6330119047619048,-6.531083333333333,0.2553059523809524,0.0677901369047619,0.0007325073809523,0.1487755952380952,0.5237333333333334,136.2726964285714,169671.4642857143,C# major,hip hop,rap,
Tiësto,2o5jDhtHVPhrJdv3cEQ99Z,0.6108789473684211,0.8238576315789473,-7.733318421052632,0.062175,0.0415146162894736,0.5682409980263158,0.1960731578947368,0.3509707894736842,131.8381342105263,484390.5552631579,G major,edm,,
Arcángel,4SsVbpTthjScTS7U2hmr1X,0.7292307692307692,0.7234082840236686,-5.674550295857988,0.1714727810650887,0.2568739053254438,0.0097538806508875,0.2468213017751479,0.6299349112426036,120.13268047337276,210299.2307692308,C# major,latin,,
Eminem,7dGJo4pcD2V6oG8kP0tJRR,0.7363873517786561,0.7696245059288538,-4.681391304347827,0.2681806324110672,0.1326901343873517,0.0003130828063241,0.2642494071146244,0.5533245059288538,114.70561660079052,263263.04347826086,C# major,hip hop,rap,
Mark Ronson,3hv9jJF3adDNsBSIQDqcjp,0.5613214285714286,0.6595040816326531,-8.346642857142857,0.0712520408163265,0.2044593459183673,0.392962231122449,0.1950836734693877,0.4641663265306123,113.23708163265306,183313.98979591837,C major,soul,,
Ñengo Flow,12vb80Km0Ew53ABfJOepVz,0.7379310344827587,0.7388344827586207,-6.605737931034483,0.2259262068965516,0.1564405517241379,9.568393103448276e-05,0.1943668965517241,0.7147310344827585,122.09753793103448,217062.92413793103,D major,latin,,
Sam Feldt,20gsENnposVs2I4rQ5kvrf,0.66975,0.666125,-6.6626666666666665,0.0471249999999999,0.2111291666666666,0.01574934375,0.1557583333333333,0.43425,112.35591666666664,174108.95833333334,C major,edm,,
The Rolling Stones,22bE4uQ6baNwSHPVcDxLCe,0.5401513761467891,0.7414311926605505,-7.523316513761468,0.0515963302752293,0.2850301256880734,0.2001350334403669,0.2308211009174312,0.6790366972477063,122.12457798165136,229840.42201834865,C major,rock,,
Post Malone,246dkjvS1zLTtiykXe5h60,0.5845242718446603,0.6102912621359223,-6.2345825242718425,0.0655466019417475,0.2673623388349514,0.0067414306796116,0.1627980582524271,0.3362087378640777,122.4620873786408,205753.2524271845,C major,pop,rap,
JAY-Z,3nFkdlSjzX9mRTtwJOzDYB,0.6821483253588516,0.7620095693779904,-5.673942583732058,0.300811961722488,0.1292325239234449,0.0079570150717703,0.2275138755980861,0.5722674641148325,106.41285167464116,251328.04306220097,C# major,hip hop,pop,rap
Pink Floyd,0k17h0D3J5VfsdmQ1iZtE9,0.3883606666666667,0.35313,-16.209666666666664,0.0571793333333333,0.465039698,0.3823840317999999,0.2357086666666667,0.2466913333333333,117.24597333333334,260305.06666666668,G major,rock,,
Bill Evans,4jXfFzeP66Zy67HM2mvIIF,0.432905,0.2786451178571428,-17.894149999999996,0.0756942857142857,0.8552749999999999,0.6378709691428571,0.2716328571428572,0.3204303571428572,104.33997142857145,307682.27857142856,F major,jazz,,
Tony Bennett,2lolQgalUvZDfp5vvVtTYV,0.4149695150115474,0.2417595842956119,-14.11936258660508,0.0464251732101616,0.8261441108545035,0.0264297188221709,0.1812995381062355,0.3005515011547344,109.89042263279444,196815.25635103925,C major,jazz,,
Yebba,1ooV8YZC1KbpEcrmI8WH0F,0.5133333333333333,0.4644333333333334,-9.72225,0.045775,0.6304583333333333,0.1493091833333333,0.118825,0.312575,107.06675,194579.75,C# minor,soul,,
The Smiths,3yY2gUcIsjMr8hjo51PoJ8,0.165,0.709,-7.409,0.0564,0.0167,0.000257,0.286,0.338,57.02,297586.0,C# minor,rock,,
Ella Fitzgerald,5V0MlUE1Bft0mbLlND7FJz,0.478995085995086,0.2482078624078624,-12.703314496314496,0.0702518427518427,0.8419398034398033,0.0234646141400491,0.2142101965601965,0.4375273955773955,111.26713144963146,205778.0343980344,A# major,jazz,soul,
Clean Bandit,6MDME20pz9RveH9rEXvrOM,0.7215,0.6859230769230767,-6.121153846153845,0.0505038461538461,0.103601923076923,0.0064708203846153,0.1629461538461538,0.5304230769230769,118.76184615384616,222326.7692307692,F minor,funk,,
MC Hariel,0pcoadNMmvrUyab1RxWBoV,0.6779090909090909,0.6116818181818182,-6.318840909090909,0.2780318181818181,0.4099522727272728,3.4311363636363635e-06,0.1560272727272727,0.5728863636363637,121.67379545454544,176541.29545454544,G minor,funk,,
21 Savage,1URnnhqYAYcrqrcwql10ft,0.7770671140939597,0.5280939597315437,-8.487463087248322,0.2593758389261745,0.1542154496644295,0.0453336867114093,0.2097744966442953,0.3379181208053692,129.43235570469798,213856.4093959731,C# major,hip hop,rap,
Romeo Santos,5lwmRuXgjX8xIwlnauTZIP,0.7476091954022988,0.6902413793103449,-5.653666666666668,0.0813735632183908,0.3419885057471264,2.270574712643678e-06,0.1969459770114942,0.7619540229885057,124.9446896551724,219732.7816091954,A minor,latin,,
Gryffin,2ZRQcIgzPCVaT9XKhXZIzh,0.5620909090909092,0.7665757575757576,-5.102939393939394,0.058630303030303,0.0743636363636363,0.0568246627272727,0.1566,0.4152727272727273,131.901303030303,200216.9090909091,C major,edm,,
Leslie Odom Jr.,3cR4rhS2hBWqI7rJEBacvN,0.4900363636363636,0.3895999999999999,-10.903745454545453,0.0536236363636363,0.6482927272727274,0.0261252639999999,0.1742818181818181,0.3774709090909091,117.23683636363636,198512.76363636364,F major,jazz,,
INXS,1eClJfHLoDI4rZe5HxzBFv,0.5793484848484848,0.6745303030303033,-9.66830303030303,0.1501727272727273,0.1946809454545454,0.1084306563636363,0.198960606060606,0.5675515151515151,123.39327272727272,201223.39393939395,G major,funk,,
Bryson Tiller,2EMAnMvWE2eb56ToJVfCWs,0.6073376623376624,0.5639740259740259,-7.429779220779221,0.2104792207792207,0.2629953246753246,0.0150925412987013,0.2125922077922078,0.4274207792207793,121.27692207792208,175861.4805194805,A# minor,hip hop,rap,
Elvis Presley,43ZHCT0cAZBISjO8DG9PnE,0.5029296235679215,0.4236805237315876,-13.064029459901802,0.0581471358428805,0.7255594435351882,0.0584997950409165,0.2093451718494272,0.6167803600654664,110.58381342062192,155265.49263502454,C major,rock,,
Luísa Sonza,4PzYKhC14sTJNEr0dzoo0d,0.6343513513513513,0.6365675675675676,-6.431945945945946,0.0982513513513513,0.303054054054054,0.025392614054054,0.172054054054054,0.5548108108108107,127.90545945945942,166030.67567567568,A minor,funk,,
Olivia Rodrigo,1McMsnEElThX1knmY4oliG,0.5109259259259259,0.5184814814814814,-7.233740740740741,0.089237037037037,0.4473437037037037,1.8366666666666663e-06,0.1991481481481481,0.4189222222222222,131.35662962962965,192494.92592592593,A major,pop,,
BADBADNOTGOOD,65dGLGjkw3UbddUg2GKQoZ,0.4676666666666667,0.540162962962963,-10.462555555555555,0.0890481481481481,0.3877549981481482,0.541958649074074,0.1493537037037037,0.3514925925925926,121.75592592592592,256390.85185185185,A minor,jazz,,
Ryan Castro,7j6DKwmjbxvpQO8h914uEz,0.797125,0.6958749999999999,-5.8260000000000005,0.13600625,0.10557875,0.007995625,0.1271,0.80975,122.1056875,168698.6875,A major,latin,,
Tame Impala,5INjqkS1o8h1imAzPqGZBb,0.4807083333333333,0.7656458333333335,-5.696729166666667,0.0522104166666666,0.1588678333333333,0.181040089375,0.2118624999999999,0.4386416666666666,128.68477083333332,267316.9166666667,C major,rock,,
Roger Miller,1RP2UpEaRzkF0Id3JigqD8,0.5212077922077922,0.4317974025974026,-12.92274025974026,0.0602753246753246,0.7368287662337663,0.1306570733766233,0.1704623376623376,0.5956441558441558,113.37417532467532,161172.03246753247,D major,,,
MC Kevin o Chris,2UMj7NCbuqy1yUZmiSYGjJ,0.7317647058823529,0.6760588235294118,-5.26064705882353,0.3748176470588235,0.4715647058823529,0.0027573752941176,0.1694882352941176,0.7340588235294119,131.75870588235296,153609.64705882352,F minor,funk,,
Dylan Scott,78YqeIji3mgAS2K1Maca6x,0.5412641509433963,0.6871320754716981,-6.115396226415095,0.0449113207547169,0.2792716981132075,1.363433962264151e-05,0.1640849056603773,0.4744905660377358,124.13324528301888,178159.2641509434,F major,country,,
The Beach Boys,3oDbviiivRWhXwIE8hxkVV,0.498618925831202,0.4459672634271099,-12.145109974424551,0.083242199488491,0.3810312992327366,0.1282589513554987,0.1843826086956522,0.550309462915601,120.51440920716112,153459.13299232736,C major,,,
The Isley Brothers,53QzNeFpzAaXYnrDBbDrIp,0.6102701612903226,0.5982620967741936,-9.222016129032257,0.0702165322580645,0.4205499653225806,0.0390689752419354,0.1971423387096774,0.6744314516129033,120.3769637096774,265443.8830645161,A major,funk,,
ERNEST,4GGfAshSkqoxpZdoaHm7ky,0.5296799999999999,0.65604,-6.0779000000000005,0.0343459999999999,0.32215756,0.0038803208,0.19593,0.5050999999999999,115.44404,201737.28,F# major,country,,
Nickelback,6deZN1bslXzeGvOLaLMOIF,0.5307542372881356,0.8679237288135593,-5.154686440677965,0.0643423728813559,0.0337889395762711,0.036707608898305,0.1757610169491525,0.5810084745762711,131.98475423728814,228310.84745762713,C major,rock,,
Janelle Monáe,6ueGR6SWhUJfvEhqkvMsVs,0.5724411764705882,0.5594279411764704,-9.798558823529412,0.0766779411764705,0.3459536764705882,0.1057093023529411,0.2403632352941176,0.4355338235294117,120.2268088235294,207423.88235294115,F major,soul,,
Luis Miguel,2nszmSgqreHSdJA3zWPyrW,0.4956971153846154,0.6361057692307692,-6.834086538461539,0.0464557692307692,0.3356197115384616,0.00037694625,0.1719201923076923,0.452589423076923,121.4588221153846,217271.6298076923,C major,latin,,
Sam Hunt,2kucQ9jQwuD8jWdtR9Ef38,0.5851363636363638,0.6494545454545454,-6.2441818181818185,0.0557499999999999,0.2428995454545454,1.0545454545454545e-07,0.1959818181818181,0.4686818181818182,123.815,211576.0,A major,country,,
Astrud Gilberto,5rX2c1zow6hCph8PnnU3kF,0.5242836879432624,0.3353404255319149,-15.750574468085109,0.0423914893617021,0.6431113475177305,0.0697683203546099,0.1802843971631206,0.5581418439716312,113.54855319148936,189573.6595744681,G major,jazz,,
Jhayco,6nVcHLIgY5pE2YCl8ubca1,0.7410256410256411,0.6843333333333333,-5.5715641025641025,0.1022307692307692,0.1632664102564102,0.0009559476923076,0.1500102564102564,0.5175358974358976,117.94117948717953,226659.92307692303,E minor,latin,,
Billie Eilish,6qqNVTkY8uBg9cP3Jd7DAH,0.6042333333333333,0.2987366666666666,-13.388933333333334,0.14289,0.6455133333333333,0.186406136,0.1904666666666666,0.2973699999999999,107.39213333333332,198368.66666666663,C major,pop,,
J. Cole,6l3HvQ5sa6mXTsMTB19rO5,0.6682790697674419,0.6124263565891472,-7.71122480620155,0.2814472868217055,0.2716813953488372,0.0021320537984496,0.2132077519379844,0.4111937984496124,113.45831782945736,228655.3488372093,C# major,hip hop,rap,
Korn,3RNrq3jvMZxD9ZyoOZbQOD,0.489990099009901,0.8676647772277227,-5.474668316831682,0.0956089108910891,0.022747880940594,0.1365137383663366,0.256140099009901,0.3536772277227723,118.27214851485148,241308.4603960396,D major,funk,rock,
DaBaby,4r63FhuTkUYltbVAg5TQnk,0.7958160000000001,0.661888,-5.908768,0.2594343999999999,0.08779116,1.040312e-05,0.2007872,0.554408,129.131088,152566.92,C# major,hip hop,,
Koe Wetzel,1Tie3AZgLQZqYEp8Fv4zOZ,0.5200483870967743,0.6250806451612905,-7.767112903225805,0.0910693548387096,0.1998689532258064,0.0013404779032258,0.2188419354838709,0.3459870967741936,123.98132258064516,211435.46774193548,G major,country,,
Kodak Black,46SHBwWsqBkxI7EeeBEQG7,0.7372924901185772,0.6048300395256917,-6.841347826086956,0.2574268774703557,0.166053023715415,0.0001359718972332,0.162397628458498,0.4371201581027668,130.10692094861662,193229.6403162055,C# major,hip hop,latin,rap
Eric Church,2IvkS5MXK0vPGnwyJsrEyV,0.606977011494253,0.6293919540229885,-7.98342528735632,0.0432344827586206,0.2682193678160919,0.0109767327586206,0.1587724137931034,0.6061149425287357,117.4721149425287,222836.66666666663,C major,country,,
Parker McCollum,0Z8XVUAOBPM4x12wKnFHEQ,0.5271086956521739,0.6946304347826089,-5.865804347826087,0.033945652173913,0.1164069695652173,0.0097333402173913,0.1655478260869565,0.4604130434782609,121.28069565217392,224567.02173913043,G major,country,,
Linkin Park,6XyY86QOPPrYVGvF9ch6wz,0.5194666666666666,0.7769208333333334,-6.764966666666666,0.0898225,0.1493098358333333,0.133815371,0.2781825,0.4081166666666667,121.03429166666666,199665.91666666663,G major,rap,rock,
João Gilberto,77ZUbcdoU5KCPHNUl8bgQy,0.5302753623188405,0.237591304347826,-18.18755072463768,0.1071159420289855,0.8424202898550724,0.114481317173913,0.4093246376811594,0.5324246376811594,115.47307246376812,198747.8260869565,D major,jazz,,
Bonobo,0cmWgDlu9CwTgxPhf403hb,0.5817804123711341,0.5410092783505155,-10.581567010309278,0.0615721649484536,0.3791246391752577,0.627542160515464,0.1842381443298969,0.3226268041237113,109.5494329896907,315647.5360824742,E minor,jazz,,
"Grover Washington, Jr.",05YVYeV4HxYp5rrWalvuE1,0.5679338235294118,0.4435360294117647,-13.234551470588237,0.0699705882352941,0.435372794117647,0.2842800748529412,0.1630176470588235,0.5539323529411765,109.22548529411766,317143.54411764705,G major,jazz,,
Bobby Darin,0EodhzA6yW1bIdD5B4tcmJ,0.5197051282051283,0.3567042735042735,-14.244384615384616,0.0622820512820512,0.6662525641025641,0.0195308545299145,0.1842521367521367,0.5646226495726495,118.92048290598292,171889.83333333334,G major,jazz,,
Cardi B,4kYSro6naA4h99UJvo89HB,0.7663055555555556,0.5652499999999999,-8.412861111111111,0.3395222222222222,0.2412712388888888,0.0066011041666666,0.1980944444444444,0.4609999999999999,124.13272222222224,183524.33333333337,B minor,pop,rap,
David Guetta,1Cs0zKBU1kc0i8ypK3B9ai,0.6495000000000002,0.7439074074074076,-5.542481481481481,0.0775398148148148,0.0670366694444444,0.1302154749074074,0.2123796296296296,0.4321074074074075,126.3824351851852,229011.7685185185,B minor,edm,pop,
Loud Luxury,6t1gpxYbY8OlLA7D2RiikQ,0.7377142857142857,0.7715714285714286,-5.823571428571428,0.0562428571428571,0.0552028571428571,0.0008277471428571,0.1924285714285714,0.461,124.27114285714286,168075.0,C# major,edm,,
Dillon Francis,5R3Hr2cnCCjt220Jmt2xLf,0.692679012345679,0.8210493827160493,-4.453135802469136,0.0957172839506172,0.0436728518518518,0.1909654834567901,0.2440728395061728,0.4926024691358025,121.0104691358025,163023.3950617284,C major,edm,,
Xzibit,4tujQJicOnuZRLiBFdp3Ou,0.669065693430657,0.7125109489051096,-6.698897810218979,0.3378306569343065,0.1086023343065693,0.0187394124087591,0.205956204379562,0.5683445255474453,102.10228467153284,222702.598540146,C# major,funk,,
Jon Batiste,0eRbECAGCLLiTyVXPBRexU,0.5204653465346535,0.4091920792079208,-12.241603960396036,0.0807722772277227,0.5735375544554455,0.3340650095049505,0.2188960396039604,0.4365871287128712,113.5019603960396,240544.0693069307,D major,jazz,,
El Alfa,2oQX8QiMXOyuqbcZEFsZfm,0.813725925925926,0.8305777777777776,-4.2523333333333335,0.1394051851851852,0.2038802222222221,0.0984840025185185,0.2261251851851852,0.5676222222222221,126.89757777777774,201571.0148148148,C# major,latin,,
Dwele,7u6LfVyYpEzMpHLL7jTyvU,0.6610361445783132,0.4559638554216867,-10.311963855421688,0.2019493975903614,0.2810212048192771,0.0148588353012048,0.1706265060240964,0.5102734939759036,106.39885542168676,209663.80722891568,C# major,soul,,
Zedd,2qxJFvFYMEDqd7ui6kSAcq,0.6156363636363638,0.8070909090909091,-4.715636363636364,0.0459090909090909,0.0914148181818181,0.0695219136363636,0.1404181818181818,0.2794272727272727,123.71781818181816,272763.36363636365,D minor,edm,,
Skrillex,5he5w2lnU9x7JFhnwcekXX,0.6387777777777777,0.7734666666666666,-5.856222222222223,0.116491111111111,0.1434465777777777,0.070281488,0.2326866666666666,0.3592644444444444,131.96113333333332,200094.22222222225,C# major,edm,,
Prince,5a2EaR3hamoenG9rDuVn8j,0.6877189292543021,0.6089177820267686,-8.593290630975144,0.1065413001912045,0.2157865793499044,0.0701080602294455,0.1953927342256214,0.5735179732313576,116.23111089866156,272772.3040152964,C# major,funk,,
Slipknot,05fG473iIaoy82BF1aGhL8,0.3992972972972973,0.9070945945945946,-4.617486486486486,0.1162148648648648,0.0409909013513513,0.0926608533783783,0.2668567567567567,0.2885486486486486,124.73654054054052,263639.1621621622,G major,rock,,
"Tyler, The Creator",4V8LLVI7PbaPR0K2TGSxFF,0.5261370967741935,0.6503145161290322,-7.707483870967742,0.2281379032258064,0.1954710193548387,0.0411722052419354,0.3353693548387096,0.4354177419354839,109.07439516129033,229147.7016129032,C# major,hip hop,rap,
Thundercat,4frXpPxQQZwbCu3eTGnZEw,0.5662096774193549,0.5924677419354838,-10.143209677419351,0.0696629032258064,0.4158713403225805,0.4119740903225806,0.174916129032258,0.4184596774193549,112.63793548387096,160088.35483870967,C# major,soul,,
Silk Sonic,6PvvGcCY2XtUcSRld1Wilr,0.6628000000000001,0.6117000000000001,-9.0738,0.05685,0.053475,5.9509e-05,0.2376099999999999,0.6604000000000001,116.02210000000002,218689.2,C# major,soul,,
Rudimental,4WN5naL3ofxrVBgFpguzKo,0.6099718309859155,0.663549295774648,-7.369760563380282,0.0758183098591549,0.085368676056338,0.0662016169014084,0.2094014084507042,0.4222394366197183,132.81016901408452,256048.5633802817,C# major,funk,,
Gunna,2hlmm7s2ICUX0LVIhVFlZQ,0.7971170212765956,0.5468404255319148,-8.356936170212766,0.2452303191489362,0.1534947765957446,0.0009818287765957,0.1518989361702127,0.4167803191489362,129.29830319148934,182899.46276595743,C# major,hip hop,rap,
Warren Zeiders,7kplJl06UmldxLKseURAYi,0.5118809523809524,0.4488999999999999,-8.86745238095238,0.0391523809523809,0.3262517142857143,0.0006704057142857,0.1287047619047619,0.3103666666666667,116.12923809523808,206169.35714285713,C# major,country,,
Mc Gw,0f1IECbrVV952unZkzrsg2,0.75175,0.705625,-5.34375,0.1071125,0.336225,0.0572533875,0.13725,0.4725,130.027125,148326.375,C# major,funk,,
Armin van Buuren,0SfsnGyD8FpIN4U4WCkBZ5,0.5199524312896406,0.876107822410148,-7.488384778012684,0.0629380549682875,0.0320712583509513,0.5064417879492601,0.2713792811839323,0.3264653276955602,132.08241649048625,188616.67441860464,B minor,edm,,
Lady Gaga,1HY2Jd0NmPuamShAr6KMms,0.5782119318181818,0.6400982954545454,-6.629602272727272,0.0561704545454545,0.2738735676136363,0.060028329715909,0.2596767045454545,0.4668005681818182,118.2872386363636,211505.38068181815,C major,pop,,
MC PH,4PLdCloYxu2bMKfuuB9lI5,0.6887272727272726,0.6619818181818181,-5.330509090909091,0.1062927272727272,0.4792527272727273,0.0006655154545454,0.2139490909090909,0.5938363636363635,118.861,210443.1272727273,E minor,funk,,
Childish Gambino,73sIBHcqh3Z3NyqHKZ7FOL,0.5739333333333333,0.5547933333333334,-9.79583333333333,0.1420383333333333,0.2491738833333333,0.0987178783333333,0.2065483333333333,0.3849083333333334,116.53196666666668,245199.18333333332,G major,hip hop,,
Limp Bizkit,165ZgPlLkK7bf5bDoFc6Sb,0.5108026315789472,0.8124736842105263,-5.441631578947369,0.1576,0.0794959065789473,0.0706276255263158,0.232425,0.4009144736842104,114.42640789473684,242940.30263157896,F# major,funk,,
Hoobastank,2MqhkhX4npxDZ62ObR5ELO,0.4748571428571429,0.8496507936507938,-4.693841269841269,0.0583047619047618,0.0391736809523809,0.0012913515873015,0.1931539682539682,0.4300984126984127,137.8177619047619,223692.82539682536,D minor,funk,,
Enrique Iglesias,7qG3b048QCHVRO5Pv1T5lw,0.6299256198347107,0.7021570247933884,-5.794611570247934,0.0447785123966942,0.2459338016528925,0.0002718575206611,0.1451429752066115,0.5204867768595041,117.69372727272726,230691.0743801653,G major,latin,,
Tom Misch,1uiEZYehlNivdK3iQyAbye,0.6789821428571428,0.4471071428571429,-9.126875,0.1036214285714285,0.355616625,0.5337188946428572,0.1306339285714285,0.3881071428571428,113.48066071428572,206740.92857142855,D major,jazz,,
Jax Jones,4Q6nIcaBED8qUel8bBx6Cr,0.763,0.7723333333333332,-5.4035714285714285,0.0931523809523809,0.1250309523809523,0.0292436966666666,0.1472095238095238,0.6465714285714285,119.96019047619048,191910.66666666663,B minor,edm,,
Jon Pardi,4MoAOfV4ROWofLG3a3hhBN,0.5770675675675676,0.7367837837837837,-4.951432432432433,0.0398418918918918,0.1119198648648648,7.93837837837838e-06,0.2030189189189189,0.630418918918919,127.93760810810812,206681.22972972973,A major,country,rock,
Tate McRae,45dkTj5sMRSjrmBSBeiHym,0.6345925925925926,0.5438148148148149,-7.0263333333333335,0.093737037037037,0.3869777777777777,0.0351580966666666,0.1326888888888888,0.4031481481481481,118.04729629629632,167072.40740740742,F major,pop,,
Florida Georgia Line,3b8QkneNDz4JHKKKlLgYZg,0.5177397260273972,0.8294109589041097,-4.339753424657535,0.0435520547945205,0.1880755616438356,0.012519852739726,0.2046835616438356,0.594313698630137,137.45068493150686,194633.8219178082,F# major,country,rock,
Sebastian Yatra,07YUOmWljBTXwIseAUd9TW,0.6237021276595744,0.6271702127659574,-5.562148936170213,0.0698170212765957,0.2774376595744681,2.591914893617021e-06,0.1510340425531915,0.5400212765957446,126.60980851063832,198975.87234042553,C major,latin,,
Tammi Terrell,75jNCko3SnEMI5gwGqrbb8,0.6084489795918366,0.536408163265306,-10.092061224489797,0.038538775510204,0.2011206122448979,0.0010165481632653,0.1562816326530612,0.7113469387755103,118.4035918367347,168510.73469387754,A# major,soul,,
Marshmello,64KEffDW9EtZ1y2vBYgq8T,0.6486727272727273,0.8507454545454545,-3.7364909090909095,0.0711563636363636,0.0299846145454545,0.2714574867272727,0.2137509090909091,0.4814763636363636,134.18963636363634,185388.07272727272,C# major,edm,pop,
Lenny Tavárez,1pQWsZQehhS4wavwh7Fnxd,0.7466923076923078,0.6961538461538461,-4.657076923076923,0.1555538461538461,0.2200961538461538,0.0012546015384615,0.2291076923076923,0.6604615384615383,136.25803846153846,215511.03846153847,A major,latin,,
Tainy,0GM7qgcRCORpGnfcN2tCiB,0.7086161616161617,0.7006464646464649,-5.973484848484849,0.1115282828282828,0.1996509494949495,0.1637438919191919,0.2279141414141414,0.5501919191919192,115.20132323232322,186448.5151515151,A minor,latin,,
Justin Timberlake,31TPClRtHm23RisEBtV3X7,0.545942735042735,0.4602960683760684,-12.51536752136752,0.0746529914529914,0.4188167521367521,0.2334163194017093,0.1947145299145299,0.4186700854700855,107.01382905982904,263599.73504273506,C# major,pop,,
The Neighbourhood,77SW9BnxLY8rJ0RciFqkHh,0.5246842105263159,0.6454605263157894,-7.916013157894738,0.0804197368421052,0.1719761907894736,0.1426372746052631,0.2315342105263157,0.3469539473684211,114.1045394736842,217164.1447368421,F minor,pop,rock,
Kenny Chesney,3grHWM9bx2E9vwJCdlRv9O,0.6051822429906542,0.5916028037383178,-8.069168224299064,0.0394911214953271,0.2754456495327103,0.0025841777570093,0.1585107476635514,0.4898116822429907,124.16288785046729,232951.7570093458,G major,country,rock,
Zac Brown Band,6yJCxee7QumYr820xdIsjo,0.5954175824175825,0.6612296703296703,-6.095824175824176,0.0433747252747252,0.2211492857142857,0.0009022071428571,0.1467637362637362,0.5524615384615386,130.68345054945055,233176.8791208791,F# major,country,rock,
Mac DeMarco,3Sz7ZnJQBIHsXLUSo0OQtM,0.7045135542168675,0.3553356927710843,-14.590524096385542,0.0930135542168674,0.519825125,0.6191984555722891,0.1431635542168674,0.6466234939759036,119.062171686747,164551.3825301205,C# major,edm,,
FKJ,2FwDTncULUnmANIh7qKa5z,0.53996,0.437124,-10.18424,0.0545759999999999,0.638948,0.481553648,0.1165799999999999,0.281548,119.70044,222904.88,A# minor,soul,,
Zach Bryan,40ZNYROS4zLfyyBSs2PGe2,0.5356578947368421,0.3615092105263157,-9.00228947368421,0.0502105263157894,0.6065623684210527,0.0003070159210526,0.1594039473684211,0.3495236842105263,105.49025000000002,207512.13157894736,C major,country,,
Moneybagg Yo,3tJoFztHeIJkJWMrx0td2f,0.7623566878980892,0.6547579617834395,-6.183882165605096,0.2605767515923567,0.1201250318471337,4.5941305732484074e-05,0.1865761146496815,0.4630315286624203,135.25378343949043,173822.3535031847,C# major,hip hop,,
Deftones,6Ghvu1VvMGScGpOUJBAHNH,0.33975,0.8097067413043476,-5.512543478260869,0.0833184782608695,0.0205325697826086,0.3694341380434783,0.2233021739130434,0.274145652173913,122.54455434782612,282930.48913043475,A# major,rap,rock,
Maluma,1r4hJ1h58CWwUQe3MxPuau,0.7310428571428572,0.7110142857142857,-4.71415,0.1366407142857142,0.2580905714285714,0.0063074367142857,0.184385,0.6945428571428571,121.6980142857143,194528.2142857143,C# minor,latin,,
Nat King Cole,7v4imS0moSyGdXyLgVTIV7,0.4080835214446953,0.3150860045146726,-12.395498871331828,0.0514977426636568,0.7536661399548533,0.0213914190293453,0.2011799097065462,0.4168880361173814,105.81074040632056,166114.4717832957,C major,jazz,soul,
Dei V,2YRyPiW98bpkARAS4B3OQP,0.7383333333333333,0.654,-5.593333333333334,0.2062222222222222,0.1928,1.7433333333333333e-06,0.1481222222222222,0.5745555555555556,107.711,193042.66666666663,G minor,latin,,
Lil Durk,3hcs9uc56yIGFCSy9leWe7,0.7082540983606558,0.6123606557377049,-7.34142349726776,0.2285937158469945,0.0921652693989071,0.0001010631967213,0.1874784153005464,0.3817765027322404,133.02182513661202,185306.58469945355,C# major,hip hop,rap,
Doja Cat,5cj0lLjcoR7YOSnhnX0Po5,0.741391304347826,0.6341884057971013,-6.03195652173913,0.1429492753623188,0.1982819710144927,0.007488002173913,0.1420463768115942,0.513536231884058,123.99075362318844,196710.01449275363,C# major,pop,,
Cheat Codes,7DMveApC7UnC2NPfPvlHSU,0.6337187499999999,0.7400625,-5.309859375,0.0609671875,0.09020375,0.003062369375,0.1603390625,0.49203125,122.03625,177655.9375,F major,edm,,
Imagine Dragons,53XhwfbYqKCa1cC15pYq2q,0.545290909090909,0.6716363636363638,-6.200136363636363,0.0558654545454545,0.1187228,0.0082582977272727,0.1713727272727273,0.3987454545454545,122.44334545454544,215949.32727272727,C major,pop,rock,
Riley Green,2QMsj4XJ7ne2hojxt6v5eb,0.51378,0.67914,-5.73208,0.031396,0.0492918,2.35132e-05,0.14592,0.5253,137.60098000000002,206841.12,F# major,country,,
Anderson .Paak,3jK9MiCrA42lLAdMGUZpwa,0.6109690721649484,0.6836082474226804,-7.935649484536083,0.1868237113402062,0.1759962989690722,0.0361249187628866,0.2683546391752577,0.5749412371134021,109.65598969072168,192667.30927835053,C# major,soul,,
Elton John,3PhoLpVuITZKcymswpck5b,0.566044502617801,0.5857397905759163,-9.783746073298428,0.0375960732984293,0.3094685790575916,0.0618532753403141,0.1604316753926701,0.5251725130890053,122.59472513089008,271241.6937172775,C major,rock,,
Thomas Rhett,6x2LnllRG5uGarZMsD4iO8,0.5637610619469027,0.6968230088495575,-6.093893805309734,0.03899203539823,0.0845931061946902,6.715982300884956e-05,0.1473522123893805,0.5971150442477875,115.9224867256637,193232.23008849556,G major,country,rock,
Hippie Sabotage,4dM6NDYSfLcspt8GLoT5aE,0.5776524390243903,0.5614634146341464,-9.826591463414635,0.0856006097560975,0.2460079957317072,0.497862114512195,0.2321695121951219,0.3039298780487804,123.85184146341462,200465.7743902439,C# minor,edm,,
Caravan Palace,37J1PlAkhRK7yrZUtqaUpQ,0.6895555555555555,0.7671904761904762,-5.919968253968255,0.0957365079365079,0.334469380952381,0.2734891350793651,0.2238190476190475,0.6139523809523812,117.06882539682536,213489.73015873015,C# major,jazz,,
Pink Sweat$,1W7FNibLa0O0b572tB2w7t,0.6727600000000001,0.4478999999999999,-8.423800000000002,0.0636,0.4677232,0.0011316236,0.120948,0.478256,112.87428,167122.44,C major,soul,,
Robert Glasper,5cM1PvItlR21WUyBnsdMcn,0.5523650190114068,0.4983679809885931,-11.05787452471483,0.1008057034220532,0.3873045133079847,0.3941840726235742,0.1424212927756654,0.3904551330798478,111.5341711026616,240233.7908745247,F minor,jazz,,
Billie Holiday,1YzCsTRb22dQkh9lghPIrp,0.531180055401662,0.198604432132964,-14.978163434903047,0.1287742382271468,0.896404432132964,0.054147384903047,0.2625531855955679,0.4115614958448753,105.42424653739614,189895.24376731305,G# major,jazz,,
Talking Heads,2x9SpqnPi8rlE9pjHBwmSC,0.6943061224489796,0.5520816326530612,-13.743448979591836,0.0486612244897959,0.1610289795918367,0.1830830840816326,0.1599204081632653,0.7851571428571428,121.08426530612245,251983.0612244898,D major,funk,,
Luke Combs,718COspgdWOnwOFpJHRZHS,0.5436142857142858,0.7262714285714287,-5.4806,0.0390914285714285,0.1446192714285714,3.229842857142858e-05,0.1926899999999999,0.5057571428571428,127.27314285714289,212879.9,F# major,country,,
George Benson,4N8BwYTEC6XqykGvXXlmfv,0.6009695652173913,0.4520469565217391,-12.633304347826089,0.0434160869565217,0.5450169565217392,0.2659532129999999,0.1492017391304348,0.5639634782608695,109.18735652173912,279483.14347826084,C# major,jazz,,
311,41Q0HrwWBtuUkJc7C1Rp6K,0.5849141414141414,0.8041666666666668,-7.612171717171716,0.0680489898989898,0.0426105253535353,0.072495017070707,0.2095828282828283,0.5812767676767676,132.74765656565657,204104.90404040404,A major,funk,,
The Jackson 5,2iE18Oxc8YSumAU232n4rW,0.5541271186440678,0.6912542372881357,-8.739822033898305,0.0593949152542372,0.3053595338983051,0.0132190683050847,0.2342694915254237,0.7454152542372883,122.82389830508474,205322.51694915257,C major,soul,,
MC GP,5s27i7oqhNWIcE4HeoVdq0,0.6943461538461538,0.5038846153846154,-7.471153846153848,0.3446153846153846,0.3617961538461539,3.2961538461538457e-07,0.1411576923076923,0.5175653846153845,121.33546153846152,209514.11538461535,B minor,funk,,
Bob Dylan,74ASZWbe4lXaubB36ztrGX,0.5244760147601475,0.4330536900369003,-11.8085,0.0433411439114391,0.5806513012915129,0.0331949411439114,0.1579267527675277,0.5319254612546126,118.6420479704797,238964.76383763837,C major,rock,,
Stan Getz,0FMucZsEnCxs5pqBjHjIc8,0.4892118959107807,0.2835068587360595,-15.158691449814125,0.0542089219330855,0.8574721189591078,0.3611804846468401,0.2148124535315985,0.4952503717472119,115.1619869888476,283159.5464684015,G# major,jazz,,
Old Dominion,6y8XlgIV8BLlIg1tT1R10i,0.609942857142857,0.7278142857142859,-5.686728571428572,0.0467871428571428,0.2242634857142857,8.78107142857143e-05,0.1667828571428571,0.6258857142857145,118.0598285714286,191971.6857142857,G major,country,,
Adele,4dpARuHxo51G3z768sgnrY,0.5537391304347826,0.4773695652173912,-7.254478260869566,0.0565521739130434,0.5104015217391303,0.0002949513043478,0.1316369565217391,0.3649847826086956,121.45658695652172,258860.3260869565,C major,soul,,
Avicii,1vCWHaC5f2uS3yhpwWbIA6,0.6058837209302325,0.6933953488372093,-5.549209302325581,0.0682558139534883,0.1236107906976744,0.0613589090697674,0.1738162790697674,0.4493976744186047,120.4878837209302,249725.93023255817,A major,edm,,
Willie Nelson,5W5bDNCqJ1jbCgTxDD0Cb3,0.557525179856115,0.3560830113052414,-12.608018499486128,0.0425504624871531,0.6330612949640289,0.03809261663926,0.1713601233299075,0.4794286742034944,112.50800924974308,191022.60123329904,D major,country,,
Snoh Aalegra,1A9o3Ljt67pFZ89YtPPL5X,0.5687200000000001,0.4553599999999999,-9.76268,0.108258,0.483192,0.0506663836,0.1663159999999999,0.4112420000000001,123.74358000000002,182718.04,C major,soul,,
Daft Punk,4tZwfgrHOc3mvqYlEYSvVi,0.5833290076335877,0.5565526717557252,-11.846259541984734,0.1236519083969465,0.2974835326717557,0.5406884142748091,0.2242977099236641,0.3743839694656488,116.9623969465649,299136.80152671755,A minor,rock,,
Bryant Myers,6w9ToX5slZ4uIdmD17hJ3c,0.7129545454545455,0.6384772727272726,-6.6064090909090885,0.1746772727272727,0.2271927272727272,1.01325e-05,0.186825,0.5125454545454545,123.745,227189.11363636365,C# major,latin,,
Feid,2LRoIwlKmHjgvigdNGBHNo,0.7396935483870969,0.629774193548387,-5.980185483870967,0.1577612903225806,0.2209629032258064,0.0028730487903225,0.1550846774193548,0.5831637096774194,126.84925,166803.98387096773,F minor,latin,pop,
Disclosure,6nS5roXSAGhTGr34W6n7Et,0.7042696629213483,0.7590674157303371,-7.500977528089887,0.136167415730337,0.0861627674157303,0.2662419635955056,0.1799865168539325,0.5402808988764044,126.37485393258429,263963.69662921346,A# minor,edm,,
Martin Garrix,60d24wfXkVzDSfLS6hyCjZ,0.6100434782608696,0.7351739130434782,-5.506260869565217,0.0971478260869565,0.152349652173913,0.1666871108695652,0.2522521739130435,0.4027826086956522,133.8888260869565,179537.39130434784,F# minor,edm,,
Benson Boone,22wbnEMDvgVIAGdFeek6ET,0.4413999999999999,0.5188666666666667,-6.511466666666666,0.0568933333333333,0.3093393333333333,1.0333333333333331e-06,0.12368,0.297,119.91066666666666,197069.86666666667,C major,pop,,
Nirvana,6olE6TJLqED3rqDCT0FyPh,0.404484375,0.7950546875,-7.8651796875,0.0645453125,0.06537807734375,0.14899765421875,0.1703265625,0.43478125,136.24771093750002,213251.078125,B minor,rock,,
2Pac,1ZwdS5xdxEREPySFridCfh,0.7688826815642458,0.7141983240223464,-7.101452513966479,0.2314765363128491,0.127590251396648,0.0064730616201117,0.2128357541899441,0.6248100558659219,106.94703351955307,253781.687150838,C# major,funk,,
Leon Bridges,3qnGvpP8Yth1AqSBMqON5x,0.6375945945945947,0.5050810810810812,-8.103702702702702,0.0681054054054054,0.3980567567567568,0.0215075424324324,0.138927027027027,0.5163,114.64843243243244,200699.8108108108,C# minor,soul,,
MEDUZA,0xRXCcSX89eobfrshSVdyu,0.62225,0.7586666666666666,-6.745,0.0558,0.0530908333333333,0.2190663341666666,0.2808166666666666,0.4284166666666666,125.8495,162716.25,A major,edm,,
Daddy Yankee,4VMYDCV2IEDYJArk749S6m,0.7251839622641508,0.7932028301886792,-6.051971698113208,0.1502122641509434,0.1928856603773585,0.0407372739150943,0.2591471698113207,0.6644976415094339,112.6181886792453,182449.31132075473,G major,hip hop,latin,
Dominic Fike,6USv9qhCn6zfxlBQIYJ9qs,0.6665945945945945,0.5908648648648649,-6.413891891891892,0.0989837837837837,0.431262972972973,0.0446708389189189,0.1788324324324324,0.5219081081081083,116.73983783783784,147896.86486486485,C major,rock,,
Myke Towers,7iK8PXO48WeuP03g8YR51W,0.7546666666666667,0.6802291666666666,-5.461197916666667,0.1772406249999999,0.2684078125,0.0120825694791666,0.1636666666666666,0.519840625,125.052875,187329.61458333337,C# major,latin,,
Ice Cube,3Mcii5XWf6E0lrY3Uky4cA,0.7467288888888889,0.7332,-7.042542222222223,0.2922124444444444,0.1141521111111111,0.0247604282222222,0.275604,0.5783462222222223,108.03111111111112,214489.45777777777,C# major,funk,,
Becky G,4obzFoKoKRHIphyHzJ35G3,0.7338604651162791,0.6680697674418604,-4.769511627906978,0.1239720930232558,0.2751674418604651,0.0042176132558139,0.1452744186046511,0.618139534883721,120.9441162790698,189406.83720930232,A major,latin,,
Snoop Dogg,7hJcb9fa4alzcOq3EaNPoG,0.6761977611940299,0.7053246268656717,-6.00691604477612,0.2488460820895522,0.1700374917910447,0.0217753316044776,0.242008395522388,0.5601854477611939,105.723723880597,231553.7444029851,C# major,funk,hip hop,
Tulus,2iDVt6mFbtbDEZG5ax0dTi,0.58171875,0.44940625,-8.73775,0.039240625,0.6349374999999999,0.0003375421875,0.1278906249999999,0.53296875,106.3223125,215218.53125,G major,jazz,,
Roberta Flack,0W498bDDNlJIrYMKXdpLHA,0.5554383561643835,0.4045004109589041,-11.27958904109589,0.0400958904109589,0.4752575342465754,0.0310671338356164,0.1384191780821917,0.4182,119.3937123287671,279522.5479452055,G# major,jazz,,
Metallica,2ye2Wgw4gimLv2eAKyk1NB,0.3754117424242424,0.8258454545454545,-8.116433712121212,0.0892013257575757,0.0808855059090909,0.3673000284659091,0.2963585227272727,0.3921965909090908,124.43911931818184,325280.49053030304,E minor,rock,,
Quevedo,52iwsT98xCoGgiGntTiR7K,0.6754666666666668,0.7002666666666665,-4.836666666666667,0.09302,0.31588,0.0086132813333333,0.1682066666666667,0.48578,120.87313333333331,186746.0,F# major,latin,,
Fall Out Boy,4UXqAaa6dQYAk18Lv7PEgX,0.5019292035398231,0.8872654867256639,-4.136477876106194,0.0883230088495575,0.0362959150442477,0.0048063558407079,0.2780566371681416,0.5207920353982302,137.08509734513277,209075.8053097345,D major,rock,,
Katy Perry,6jJ0s89eD6GaHleKKya26X,0.6282638888888888,0.7114027777777778,-5.370152777777777,0.0607361111111111,0.1139983958333333,3.063625e-05,0.1578180555555555,0.4979638888888889,125.24670833333332,220879.30555555556,C major,pop,,
Bailey Zimmerman,3win9vGIxFfBRag9S63wwf,0.502,0.6669375,-6.759375,0.03124375,0.4087874999999999,6.6625e-07,0.137325,0.4870624999999999,140.2801875,198202.125,F major,country,,
The Cinematic Orchestra,32ogthv0BdaSMPml02X9YB,0.3607348484848485,0.3035215151515151,-14.937621212121217,0.0461833333333333,0.5690120757575757,0.652498106060606,0.1489378787878787,0.1590045454545454,111.74156060606062,353060.07575757575,G major,jazz,,
Calvin Harris,7CajNmpbOovFoOoasH2HaY,0.6810128205128205,0.7433299999999999,-5.404602564102565,0.0650371794871794,0.2077072423076923,0.2064371403846154,0.2235474358974358,0.6245948717948717,116.46601282051282,217773.33333333337,A minor,edm,pop,
Natalie Cole,5tTsrGPwQRWUsHR2Xf7Ke9,0.5344703389830509,0.4282864406779661,-10.80053813559322,0.0483444915254237,0.5598164830508475,0.0024297700423728,0.188539406779661,0.4558817796610169,117.98701694915252,240924.24576271183,C major,jazz,,
Mc Don Juan,7Lmrb6KcIzfkmgbtokjsAL,0.8162857142857144,0.5151428571428572,-6.404714285714285,0.2287571428571428,0.2772142857142857,2.9285714285714287e-06,0.1792714285714285,0.587,117.50485714285716,287417.0,C# minor,funk,,
Fred again..,4oLeXFyACqeem2VImYeBFe,0.5599788732394367,0.5642502816901409,-11.767211267605637,0.1164901408450704,0.4367261549295775,0.2551462260563379,0.2418887323943661,0.2679971830985916,118.49070422535212,207116.1690140845,C major,edm,,
Morgan Wallen,4oUHIQIBe0LHzYfvXNW4QM,0.5548172043010753,0.7583763440860215,-5.145870967741936,0.0336903225806451,0.2327716989247312,0.000424155376344,0.1592430107526881,0.549,128.83151612903225,196668.1935483871,F# major,country,,
Queen,1dfeR4HaWDbWqFHLkxsg1d,0.4438421052631578,0.6072631578947367,-9.927473684210527,0.0626368421052631,0.2648631578947369,0.0449420421052631,0.1753473684210526,0.4019842105263158,117.75215789473684,229011.2105263158,A major,rock,,
Pitbull,0TnOYISbd1XYRBk9myaseg,0.7195201793721971,0.7012613901345293,-6.471789237668161,0.1810663677130045,0.1535255964125561,0.0607680780269058,0.2282614349775785,0.5903412556053811,118.40232286995516,198381.67713004485,C# major,hip hop,pop,
Coldplay,4gzpq5DPGxSnKTe4SA8HAU,0.4267648648648648,0.5345216216216216,-9.800855855855858,0.040099099099099,0.3299607297297297,0.2454153697297297,0.200736936936937,0.2376225225225225,128.11774774774776,238444.45945945947,A# major,pop,,
Ariana Grande,66CXWjxzNUsdJxJ2JdwvnR,0.6342830188679246,0.596122641509434,-6.1267075471698105,0.0891518867924528,0.2719308490566038,0.0005327990566037,0.1681839622641509,0.4456943396226416,114.06185849056604,199071.9245283019,C major,pop,,
Jordan Davis,77kULmXAQ6vWer7IIHdGzI,0.5762777777777779,0.7108055555555555,-5.906638888888889,0.0403805555555555,0.2713527777777778,0.0042652166666666,0.1792222222222222,0.5220555555555556,126.8735,183913.22222222225,E major,country,,
Rihanna,5pKCCKE2ajJHZ9KAiaK11H,0.6030849673202615,0.6263529411764706,-6.27524183006536,0.0841385620915032,0.1940090718954248,0.0068414592810457,0.1670274509803921,0.4515045751633986,120.58060130718954,222133.2679738562,C# major,pop,,
Gorillaz,3AA28KZvwAUcZuOKwyblJQ,0.6050615384615383,0.6578615384615384,-8.114161538461538,0.0824615384615384,0.1961948538461538,0.2246595473076923,0.2578192307692308,0.523323076923077,116.37602307692308,222297.3076923077,C major,rock,,
Dr. Dre,6DPYiyq5kWVQS4RGwxzPC7,0.6772115384615383,0.8134423076923079,-3.929711538461538,0.3004365384615384,0.1315575384615384,8.022826923076923e-05,0.2747711538461538,0.5842826923076923,99.00553846153844,215371.46153846153,B minor,funk,,
George Strait,5vngPClqofybhPERIqQMYd,0.5933887323943662,0.5020366197183099,-10.468422535211268,0.0322695774647887,0.39576,0.0048269716619718,0.1701901408450704,0.5431095774647887,122.09857746478876,192886.71830985916,D major,country,,
Bryan Martin,0ChjBYedhZTQnWZWQYg15U,0.5673461538461539,0.5945384615384616,-6.663730769230769,0.0364153846153846,0.2075803846153846,0.0017126738461538,0.13565,0.467423076923077,110.7635,200991.57692307697,C# major,country,,
Upchurch,2pSObt5Fk8izuX8ZfI3jRn,0.7008007812499999,0.6760445312500001,-7.25233984375,0.11791328125,0.163479828125,0.00038566765625,0.211847265625,0.440758203125,133.50299609375003,186653.21875,C# major,country,,
Lil Baby,5f7VJjfbwm532GiveGC0ZK,0.7327834394904459,0.5699808917197452,-7.148611464968154,0.2751942675159236,0.072338101910828,1.50884076433121e-05,0.1479267515923567,0.3536821656050956,126.79716560509551,186297.24840764332,C# major,hip hop,rap,
Felix Jaehn,4bL2B6hmLlMWnUEZnorEtG,0.7110857142857143,0.7687999999999999,-5.079342857142857,0.0794971428571428,0.1388255428571428,0.0304178954285714,0.1568657142857142,0.5059085714285715,120.0084,175886.65714285715,D major,edm,,
Don Toliver,4Gso3d4CscCijv0lmajZWs,0.6796065573770491,0.5948524590163936,-6.305950819672132,0.0999639344262295,0.2705263934426229,0.0114155763934426,0.1903475409836065,0.4094147540983606,126.8745573770492,188188.88524590165,C# minor,pop,rap,
BigXthaPlug,6qxpnaukVayrQn6ViNvu9I,0.8650416666666666,0.6355,-7.733999999999999,0.2972625,0.04594,0.0003540841666666,0.2173083333333333,0.5156416666666667,124.22995833333331,145770.16666666666,A major,hip hop,,
Madonna,6tbjWDEIzxoDsBA1FuhfPW,0.6530204778156997,0.631153242320819,-8.57217747440273,0.0668143344709897,0.2223185986348123,0.0767225889419795,0.1790361774744027,0.5097542662116041,121.39300682593856,265079.51877133106,G major,pop,,
Kanye West,5K4W6rqBFWDnAN6FQUkS6x,0.5932929292929293,0.5938313131313132,-6.9961767676767685,0.2221449494949495,0.2553824646464646,0.0211520439898989,0.2579459595959596,0.4195020202020201,113.72010101010102,226020.5606060606,C# major,hip hop,rap,
Tim McGraw,6roFdX1y5BYSbp60OTJWMd,0.5234693140794224,0.6808808664259928,-6.700151624548736,0.0341714801444043,0.2494741516245487,0.0013152511191335,0.165514440433213,0.4958158844765343,126.131678700361,233678.4440433213,G major,country,,
Finger Eleven,0niJkG4tKkne3zwr7I8n9n,0.4503076923076923,0.8388205128205127,-5.294102564102565,0.0593294871794871,0.0681275175641025,0.0275788937179487,0.2015282051282051,0.4785256410256409,141.1859102564103,225011.46153846153,C major,funk,,
Tyler Childers,13ZEDW6vyBF12HYcZRr4EV,0.4627636363636363,0.4292545454545454,-9.448763636363635,0.0385927272727272,0.6984909090909092,0.0561423867272727,0.2564854545454545,0.5327963636363635,130.53318181818184,223490.29090909092,G major,country,,
Sech,77ziqFxp5gaInVrF2lj4ht,0.7089239130434785,0.6990760869565217,-4.611934782608697,0.1379608695652174,0.2461336956521739,0.0012334961956521,0.2002043478260869,0.6675434782608695,126.18277173913046,192821.83695652173,C major,latin,,
System Of A Down,5eAWCfyUhZtHHtBdNk56l1,0.4094313725490196,0.8982352941176469,-3.2442941176470583,0.0717666666666666,0.0598465470588235,0.070164638627451,0.2291098039215686,0.4588333333333333,132.23741176470585,183998.6078431373,C major,rock,,
Dolly Parton,32vWCbZh0xZ4o9gkz4PsEU,0.5523605839416059,0.423310802919708,-11.002935766423358,0.0434429197080292,0.5710083357664234,0.0016405655328467,0.1788510948905109,0.5590519708029197,116.96802335766422,188814.398540146,C major,country,,
Omar Apollo,5FxD8fkQZ6KcsSYupDVoSO,0.6485681818181818,0.4686022727272727,-8.734636363636364,0.0899340909090909,0.4821988636363636,0.0461289120454545,0.1607863636363636,0.5123409090909091,118.99011363636365,166029.1590909091,C major,soul,,
The Lumineers,16oZKvXb6WkQlVAjwo2Wbg,0.5710000000000001,0.4244375,-9.51009375,0.0343312499999999,0.680234375,0.0509997725,0.1542234375,0.32173125,118.340546875,209146.78125,C major,rock,,
Prince Royce,3MHaV05u0io8fQbZ2XPtlC,0.713967032967033,0.6911978021978022,-5.718263736263737,0.0689780219780219,0.3157196703296703,0.0001864605494505,0.1721626373626373,0.7269340659340658,124.24251648351648,215074.010989011,C major,latin,,
J Balvin,1vyhD5VmyZ7KMfW5gqLgo5,0.7307215686274512,0.7067549019607843,-5.895774509803921,0.1323186274509803,0.1909654901960784,0.0196492043137254,0.1784274509803921,0.6856019607843137,128.42376470588235,211498.48039215687,C# major,latin,,
KAROL G,790FomKkXshlbRYZFtlgla,0.771514705882353,0.6996323529411764,-4.737117647058824,0.140735294117647,0.3032833823529412,0.0003007452941176,0.1599852941176471,0.6126470588235292,123.58822058823527,195075.2794117647,C# minor,latin,,
Harry Styles,6KImCVD70vtIoJWnq6nGn3,0.5721142857142857,0.577,-6.687685714285714,0.0422971428571428,0.3499029999999999,0.0202093482857142,0.1477371428571428,0.4780942857142857,121.82082857142856,221331.08571428573,C major,pop,,
Cleo Sol,3ETLPQkcEd7z4k3IbZmXMq,0.5584047619047618,0.3105261904761905,-11.655357142857143,0.0608571428571428,0.6885952380952381,0.1833797471428571,0.1149833333333333,0.4159595238095238,113.8355,253278.5,C# major,funk,,
Paramore,74XFHRwlV6OrjEM0A2NCMF,0.5498255813953489,0.7601744186046512,-5.850558139534883,0.0529232558139534,0.109929316744186,0.0429238652325581,0.1652058139534883,0.5132906976744186,133.9747558139535,221169.87209302327,C major,rock,,
Kendrick Lamar,2YZyLoL8N0Wb9xBt1NhZWg,0.6384065934065934,0.6477472527472529,-7.641945054945056,0.2784054945054944,0.314004967032967,0.0023574468131868,0.2336901098901099,0.4716043956043956,119.9385164835165,247283.3076923077,C# major,hip hop,rap,
MC Ryan SP,75i9GaW2MJUgt4BkdUnuUY,0.7081428571428572,0.5767619047619048,-5.860333333333333,0.2505714285714285,0.4198571428571429,5.992761904761906e-05,0.1791428571428571,0.6530952380952382,121.28580952380956,255818.57142857145,D# minor,funk,,
ZHU,28j8lBWDdDSHSSt5oPlsX2,0.7173611111111111,0.6200694444444443,-6.507250000000001,0.0872944444444444,0.1371936111111111,0.1697757522222222,0.159825,0.2511236111111111,120.06533333333336,243041.43055555556,B minor,edm,,
Steve Aoki,77AiFEVeAVj2ORpC85QVJs,0.6085649717514124,0.8498700564971753,-4.416214689265536,0.0909186440677966,0.0528312847457627,0.1811434596610169,0.2098152542372881,0.3733310734463276,130.06878531073446,199572.30508474575,C# major,edm,,
Luke Bryan,0BvkDsjIUla7X0k6CSWh1I,0.5635461538461538,0.7983461538461539,-4.471761538461539,0.04743,0.1413351538461538,0.001607910076923,0.1527984615384615,0.5864307692307692,132.70817692307693,213737.16923076924,G major,country,rock,
Diplo,5fMUXHkw8R8eOP2RNVYEZX,0.6222597014925373,0.7414104477611939,-6.350805970149253,0.0904507462686567,0.1522239022388059,0.1887730476865671,0.1877276119402985,0.4217440298507462,125.90099253731344,206552.276119403,G major,edm,,
Blake Shelton,1UTPBmNbXNTittyMJrNkvw,0.5776689189189189,0.6895675675675677,-6.0277432432432425,0.0353006756756756,0.2054188513513513,0.0007090889864864,0.1820445945945946,0.5397500000000001,123.25561486486484,207833.8108108108,C major,country,,
Maná,7okwEbXzyT2VffBmyQBWLz,0.6231190476190476,0.8122142857142857,-4.840440476190476,0.0368499999999999,0.1495782976190476,0.0040907588095238,0.1283619047619047,0.6581309523809524,129.4054404761905,281265.1666666667,D major,latin,,
Amy Winehouse,6Q192DXotxtaysaqNPy5yR,0.5803499999999999,0.5434650000000001,-9.0606,0.0924499999999999,0.350215,0.183715135,0.167985,0.37742,114.6292,249631.6,A minor,soul,,
Anuel AA,2R21vXR83lH98kGeO99Y66,0.7212315789473683,0.658915789473684,-5.465705263157894,0.1222463157894736,0.360487052631579,0.0006068194736842,0.1494336842105263,0.5310105263157895,124.54212631578946,231710.74736842103,C# major,latin,,
Aventura,1qto4hHid1P71emI6Fd8xi,0.7539032258064514,0.5861774193548388,-10.000758064516129,0.1346725806451613,0.3481361451612902,0.0011626366129032,0.2234370967741935,0.8179032258064516,125.40433870967742,245872.5483870968,C major,latin,,
Surfaces,4ETSs924pXMzjIeD6E9b4u,0.6784347826086956,0.5629275362318841,-7.777463768115943,0.065395652173913,0.2909088405797101,0.082024836231884,0.1842724637681159,0.5212768115942029,117.48015942028988,179185.59420289856,A major,soul,,
Toby Keith,2bA6fzP0lMAQ4kz6CF61w8,0.6109751037344399,0.6799253112033194,-6.564182572614109,0.0402510373443983,0.2377378838174274,0.0012848059336099,0.1744730290456431,0.5590439834024896,122.67648962655602,210962.3112033195,G major,country,,
DJ Premier,6GEykX11lQqp92UVOQQCC7,0.6653809523809523,0.6394333333333333,-7.0091746031746025,0.2024015873015872,0.1186786555555555,0.4550293726984127,0.1744698412698413,0.6650285714285715,106.25874603174604,178932.92063492062,C# major,jazz,,
B.B. King,5xLSa7l4IV1gsQfhAMvl0U,0.5812394957983193,0.5175283613445378,-9.645254201680672,0.0579987394957983,0.5262101260504202,0.0808359881302521,0.192239075630252,0.6297598739495798,113.98663025210084,227836.32142857145,C major,jazz,,
Frank Ocean,2h93pZq0e7k5yf4dywlkpM,0.5309705882352942,0.4377676470588235,-10.748529411764704,0.1658264705882353,0.5591029411764705,0.0815495608823529,0.2412735294117647,0.4209529411764706,110.83820588235297,204846.64705882352,C major,hip hop,soul,
Chet Baker,3rxeQlsv0Sc2nyYaZ5W71T,0.4974932301740812,0.2502195164410058,-15.473015473887816,0.0539779497098646,0.837484332688588,0.4219824182398453,0.2139918762088975,0.4051176015473887,111.12423404255318,334420.2746615087,C major,jazz,,
HARDY,5QNm7E7RU2m64l6Gliu8Oy,0.5367027027027026,0.7861351351351352,-5.05027027027027,0.0436513513513513,0.1140481351351351,0.0016674489189189,0.1766675675675675,0.5255405405405404,132.22891891891896,211742.0,D major,country,,
Zeds Dead,67qogtRNI0GjUr8PlaG6Zh,0.5894545454545455,0.7751272727272728,-5.649836363636364,0.0786436363636363,0.128516749090909,0.3270683472727272,0.2045254545454545,0.2732072727272727,132.45721818181818,217028.83636363636,A minor,edm,,
James Brown,7GaxyUddsPok8BuhxN6OUW,0.6463655477031802,0.5815118904593639,-9.97462190812721,0.0882388692579505,0.3817870229681979,0.1387021011837455,0.2222551236749116,0.6590058303886925,117.70495406360423,259519.2667844523,C major,jazz,,
Kacey Musgraves,70kkdajctXSbqSMJbQO424,0.6052564102564102,0.5140897435897436,-7.889089743589743,0.0368410256410256,0.5344974358974359,0.0008756405128205,0.1649371794871795,0.4698846153846153,117.27075641025642,194631.10256410256,B major,country,,
Manuel Turizo,0tmwSHipWxN12fsoLcFU3B,0.7360731707317073,0.667609756097561,-5.188268292682927,0.1512243902439024,0.2561926829268293,0.0004376385365853,0.1594634146341463,0.5980951219512195,128.79097560975612,196478.0975609756,B minor,latin,,
Plan B,2jSGzJw0ebJLu7OLVSOcBP,0.7681086956521739,0.793913043478261,-5.732652173913042,0.1053652173913043,0.1148551956521739,0.0016896180434782,0.2111652173913043,0.6805217391304348,115.77245652173912,206566.36956521735,C# major,latin,,
Jessie Murph,2yLzlEFtIS0Q9UkyBZdQA7,0.6008181818181818,0.4164545454545454,-8.306,0.0540181818181818,0.6286363636363637,7.94590909090909e-05,0.1612454545454545,0.2741454545454545,129.47463636363636,156790.27272727274,C major,country,,
Mac Miller,4LLpKhyESsyAXpc4laK94U,0.6149484536082475,0.6627865979381443,-6.891804123711341,0.2095623711340206,0.3189437268041237,0.0132834785051546,0.2399850515463917,0.4403567010309279,116.83079896907216,216914.92268041236,C# major,hip hop,rap,
That Mexican OT,3BAgmPNIK5IJl7zMK1wvMA,0.8177553191489362,0.5359893617021277,-9.058904255319147,0.3391085106382978,0.2787702127659574,0.0002516109574468,0.1978851063829787,0.5804468085106383,130.6773829787234,159955.79787234042,C# major,latin,,
LUDMILLA,3CDoRporvSjdzTrm99a3gi,0.7530163934426229,0.7059508196721311,-5.566672131147542,0.0853147540983606,0.3808467213114754,0.0002819391803278,0.1866901639344262,0.7212131147540982,128.8691639344262,171268.83606557376,G# minor,funk,,
Porter Robinson,3dz0NnIZhtKKeXZxLOxCam,0.45404,0.5676,-7.213159999999999,0.045256,0.2167812,0.0991922252,0.1125839999999999,0.2767719999999999,109.09703999999998,271963.92,D major,edm,,
Cafe Music BGM channel,3yKoHgjtyenCOIRaD2Gghu,0.6106566428395366,0.2572033818092186,-16.44082376140005,0.0411302933201873,0.8733895070248953,0.7880125197116095,0.1270028346068523,0.3737371210253882,109.75671900419027,173519.5849149618,C major,jazz,,
The Weeknd,1Xyo4u8uXC1ZmMpatF05PJ,0.5094743421052632,0.5618600657894737,-9.18121052631579,0.0684638157894736,0.2840191578947368,0.113548259868421,0.1904118421052631,0.2971125,119.37768421052628,254156.625,C minor,pop,,
Future,1RyvyyTE3xzB2ZywiAwp0i,0.7481617250673854,0.5907924528301887,-6.897396226415093,0.2129789757412398,0.1345773336927223,0.0256613126145552,0.2038746630727763,0.374588409703504,132.2609514824798,206951.1051212938,C# major,hip hop,rap,
ODESZA,21mKp7DqtSNHhCAU2ugvUw,0.5348888888888889,0.7121666666666666,-6.151847222222222,0.0683333333333333,0.1707642222222222,0.3555717505555555,0.2019847222222222,0.2038499999999999,115.0643888888889,223532.90277777775,A minor,edm,,
Flume,6nxWCVXbOlEVRexSbLsTer,0.5261584158415841,0.6264455445544554,-6.542910891089109,0.1149227722772277,0.1805089801980198,0.213135755940594,0.2533108910891089,0.292839603960396,113.28730693069308,194122.46534653465,G# major,edm,,
A$AP Rocky,13ubrt8QOOCPljQ2FL1Kca,0.5876458333333333,0.6183541666666666,-8.125770833333334,0.2258604166666666,0.23771625,0.0413007341666666,0.22175,0.3471979166666667,124.2093125,209859.375,C# major,hip hop,rap,
Etta James,0iOVhN3tnSvgDbcg25JoJb,0.563234126984127,0.4868988095238096,-9.95131746031746,0.0487456349206349,0.457020992063492,0.0089439913888888,0.2132341269841269,0.5368039682539681,117.77924603174604,249076.37698412695,C major,jazz,soul,
Michael Jackson,3fMbdgg4jU18AjLCKBhRSm,0.6739801324503311,0.659251655629139,-7.3056092715231795,0.0845900662251655,0.2690452251655629,0.0213000415894039,0.1697198675496689,0.6023397350993378,115.30015231788076,262007.2582781457,C# major,soul,,
Chris Lake,5Igpc9iLZ3YGtKeYfSrrOE,0.791,0.982,-4.403,0.0614,0.0168,0.678,0.0731,0.35,128.01,451042.0,C major,edm,,
Justin Bieber,1uNFoZAHBGtllmzznpCI3s,0.6091843971631206,0.6155049645390072,-6.911475177304965,0.0715262411347517,0.269087219858156,0.005251309858156,0.1780340425531914,0.5013992907801419,118.0116524822695,207448.4184397163,F# minor,pop,,
Bruno Mars,0du5cEVh5yTK9QJze8zA0C,0.6736153846153845,0.6504871794871794,-6.423333333333333,0.0527666666666666,0.1825938461538461,2.120897435897436e-05,0.1695410256410256,0.6298820512820513,122.60007692307695,215959.41025641025,D major,pop,,
Lil Yachty,6icQOAFXDZKsumw3YXyusw,0.729625,0.5744144736842106,-6.924473684210526,0.2136618421052631,0.2048505953947368,0.0298123049342105,0.1962960526315789,0.3935375,129.83211842105263,188975.1052631579,C# major,hip hop,rap,
Khalid,6LuN9FCkKOj5PcnpouEgny,0.6234565217391304,0.4953478260869566,-8.880391304347826,0.0860826086956521,0.3554621739130434,0.1006581560869565,0.1802173913043478,0.3722847826086956,111.15073913043476,201818.21739130435,C major,pop,,
Kungs,7keGfmQR4X5w0two1xKZ7d,0.7173809523809525,0.7305238095238095,-6.587523809523808,0.0749380952380952,0.1143329238095238,0.2096543328571428,0.1668333333333333,0.4832428571428572,124.62066666666664,213974.90476190476,A minor,edm,,
Dierks Bentley,7x8nK0m0cP2ksQf0mjWdPS,0.5577328767123287,0.7242602739726027,-6.224869863013699,0.0393835616438356,0.2166248767123287,0.0038397028767123,0.2105075342465753,0.5400376712328767,123.90353424657532,222720.17123287672,G major,country,,
Miranda Lambert,66lH4jAE7pqPlOlzUKbwA0,0.53664,0.61454,-6.937033333333332,0.0437413333333333,0.283729078,0.0033944982,0.1663953333333333,0.488296,128.66590000000002,211028.64,A major,country,,
Brooks & Dunn,0XKOBt59crntr7HQXXO8Yz,0.5942012987012988,0.6806428571428571,-7.220480519480517,0.0402603896103896,0.1991473636363636,0.0038962198701298,0.2136616883116883,0.5691038961038962,121.33813636363637,213115.7077922078,G major,country,,
