artist_name,artist_id,danceability,energy,loudness,speechiness,acousticness,instrumentalness,liveness,valence,tempo,duration_ms,key_mode,time_signature
Green Day,7oPftvlwr6VrsViSDV7fJY,0.43521875000000004,0.8959419642857144,-4.404705357142857,0.07196964285714287,0.029052325982142857,0.024206676875000006,0.21010044642857142,0.6584299107142858,140.04163392857143,189080.94642857142,D major,4
Dusty Springfield,5zaXYwewAXedKNCff45U5l,0.48534057971014494,0.4983333333333334,-10.186623188405797,0.0430304347826087,0.5187697826086956,0.015247294420289853,0.22269637681159418,0.5655210144927536,116.1996739130435,195254.23913043478,D major,4
Hozier,2FXC3k01G6Gw61bmprjgqS,0.44802083333333337,0.5164375,-7.487791666666666,0.04632708333333333,0.38433439583333334,0.04871917791666667,0.13602916666666667,0.3395229166666667,116.83606249999998,241630.72916666666,G major,4
Ms. Lauryn Hill,2Mu5NfyYm8n5iTomuKAEHl,0.6523846153846153,0.49362692307692313,-12.291384615384617,0.3029307692307692,0.27083846153846153,0.0004171399999999999,0.25895,0.6108461538461538,102.29530769230769,281465.6923076923,C# major,4
Incubus,3YcBF2ttyueytpXtEzn1Za,0.5084141414141414,0.7865757575757577,-6.192252525252526,0.05795050505050505,0.08039821010101009,0.07619579898989899,0.18105151515151519,0.4321404040404041,134.34174747474745,245848.59595959596,A major,4.0
Farruko,329e4yvIujISKGKz1BZZbO,0.6959629629629629,0.7456962962962963,-5.0904740740740735,0.10028222222222222,0.21435466666666667,0.0005877182962962963,0.2171911111111111,0.5978,123.40826666666665,223879.2962962963,B minor,4
Red Hot Chili Peppers,0L8ExT028jH3ddEcZwqJJ5,0.5307488584474886,0.7874109589041095,-5.798831050228311,0.06730639269406394,0.06854141552511415,0.05678085872146119,0.17065570776255712,0.5009534246575342,120.36390410958904,259293.3698630137,C major,4
Kali Uchis,1U1el3k54VvEUzo3ybLPlM,0.6366025641025642,0.5550974358974359,-7.8410897435897455,0.06758333333333333,0.2865464102564103,0.021880568333333333,0.19164487179487177,0.47392051282051284,117.95052564102566,180635.4358974359,F# minor,4
Swedish House Mafia,1h6Cn3P4NGzXbaXidqURXs,0.58544,0.65728,-7.711320000000001,0.09074,0.08263503200000001,0.39061697160000003,0.21549200000000002,0.20159200000000002,124.43600000000002,269980.92,D major,4
Dean Martin,49e4v89VmlDcFCMyDv9wQ9,0.495436974789916,0.4286386554621849,-10.407168067226891,0.039444537815126045,0.6890605042016806,0.003668140672268907,0.20067142857142856,0.5327563025210084,117.14718487394958,162275.12605042016,D# major,4
Maroon 5,04gDigrS5kc9YWfZHwBETP,0.6601734693877551,0.7005,-5.4876734693877545,0.05155510204081632,0.1335249693877551,0.0006148139795918368,0.15878265306122452,0.5434908163265305,120.01014285714287,213872.7857142857,E minor,4
Major Lazer,738wLrAtLtCtFOLvQBXOXp,0.7097407407407408,0.778216049382716,-5.606037037037037,0.11868950617283949,0.06650011728395062,0.17866516216049383,0.23379506172839512,0.5229111111111111,126.76183950617285,199147.8950617284,G major,4
Travis Scott,0Y5tJX1MQlPlqiwlOH1tJY,0.6605180722891566,0.6387469879518073,-5.2781686746987955,0.0997698795180723,0.15093942168674698,0.011254876506024093,0.21594096385542172,0.3108325301204819,126.2548313253012,227478.3253012048,C# major,4
SZA,7tYKF4w9nC0nq9CsPZTHyP,0.6250588235294119,0.5409264705882354,-8.036573529411765,0.14634705882352939,0.3684436764705883,0.023379592794117644,0.17308970588235295,0.40711470588235293,114.77388235294117,200462.6911764706,C# major,4
Missy Elliott,2wIVse2owClT7go1WT98tk,0.7731807228915664,0.5936626506024096,-8.558734939759036,0.2708939759036144,0.24429277108433733,0.029964025421686753,0.19951204819277113,0.6450722891566265,115.13956626506022,226630.61445783134,C# major,4
The Temptations,3RwQ26hR2tJtA8F9p2n7jG,0.6034574468085107,0.5645007978723404,-10.643353723404257,0.05914521276595745,0.3575710904255319,0.011586796781914894,0.18710797872340423,0.6535140957446808,115.0049095744681,250951.65425531915,C major,4
Dan + Shay,7z5WFjZAIYejWy0NI5lv4T,0.5778405797101448,0.5888985507246376,-7.525420289855073,0.18457391304347825,0.32811739130434786,9.933333333333335e-07,0.20271739130434782,0.5773478260869566,125.43011594202899,172348.1739130435,A# major,4
Arctic Monkeys,7Ln80lUS6He07XvHI8qqHH,0.49056250000000007,0.7226125,-6.5790750000000005,0.0571275,0.14565160375000002,0.05004797875,0.179565,0.5454625,125.283425,208626.25,B minor,4.0
Rich The Kid,1pPmIToKXyGdsCF6LmqLmI,0.7864252873563218,0.5882298850574713,-6.475057471264367,0.2829942528735632,0.10874651034482762,1.9200919540229885e-05,0.15016551724137928,0.4597390804597701,122.79229885057478,171455.71264367815,C# major,4
AFROJACK,4D75GcNG95ebPtNvoNVXhz,0.6472000000000001,0.8301090909090909,-5.405381818181817,0.07626909090909093,0.08777652727272728,0.23166032,0.19155636363636364,0.3556072727272727,129.0770909090909,250799.54545454544,C major,4
Twenty One Pilots,3YQKmKGau1PzlVlkL1iodx,0.6448307692307692,0.6333092307692308,-6.8632307692307695,0.06025692307692307,0.17714273846153844,0.01251382723076923,0.1642784615384615,0.4859569230769231,122.32758461538462,235917.8,G major,4
Mainstreet,25XJqeReVV38w0tR04GGBd,0.589,0.6611666666666667,-5.847333333333332,0.154725,0.13429666666666665,5.865833333333334e-06,0.12093333333333334,0.36174999999999996,124.53474999999999,195108.91666666666,F# minor,4
Treaty Oak Revival,3444S3C4U9Ts86BnCtSPRV,0.45790476190476187,0.8352,-4.782761904761905,0.14050476190476188,0.05268571428571428,0.0002638280952380952,0.20918571428571428,0.44923809523809527,136.20185714285714,212003.61904761905,A major,4
Johnny Cash,6kACVPfCOnqzgfEF5ryl0x,0.5864130434782608,0.39026335403726714,-12.527416149068323,0.10498778467908902,0.7186461397515527,0.02605349230848861,0.1946223602484472,0.5886511387163561,111.84552691511387,157968.0807453416,A major,4
Lainey Wilson,6tPHARSq45lQ8BSALCfkFC,0.5695675675675677,0.6945135135135135,-5.622675675675676,0.0403081081081081,0.17868210810810808,0.0050002975675675675,0.1760864864864865,0.5713756756756756,133.79578378378378,206340.5945945946,D major,4
Shakira,0EmeFodog0BfCgMzAIvKQp,0.7057543859649121,0.6773429824561402,-6.272052631578947,0.06140964912280702,0.26687175438596494,0.004479403070175438,0.15684736842105265,0.602859649122807,127.28134210526316,211600.0701754386,C major,4
Chuck Berry,293zczrfYafIItmnmM3coR,0.6105363636363637,0.6149681818181818,-10.4201,0.06623181818181818,0.5783880454545455,0.16694283949999997,0.24753909090909093,0.7730772727272727,125.57416363636364,188982.07727272727,C major,4
Yandel,0eHQ9o50hj6ZDNBt6Ys1sD,0.7252542372881354,0.7872966101694916,-4.5676610169491525,0.10915338983050847,0.11360105084745763,0.0005405388983050849,0.19561101694915262,0.6310762711864408,123.7169661016949,206638.5254237288,B minor,4.0
Darell,1TtXnWcUs0FCkaZDPGYHdf,0.7813333333333332,0.6970888888888888,-5.306222222222222,0.1822333333333333,0.3488884444444444,0.004247796888888889,0.15562,0.5841111111111111,123.04295555555555,217770.13333333333,F minor,4
$uicideboy$,1VPmR4DJC1PlOtd0IADAO0,0.7442065217391306,0.6283600163043479,-6.840695652173913,0.14530923913043478,0.1489378793478261,0.03970379989130435,0.22457663043478265,0.32567010869565216,123.31001630434784,149671.1847826087,C# major,4
Lana Del Rey,00FQb4jTyendYWaN8pK0wa,0.4213781512605042,0.41095714285714285,-9.927319327731093,0.04809495798319327,0.6384565546218488,0.03279513159663865,0.15976806722689074,0.21255546218487395,116.04594957983194,270280.243697479,C major,4
De La Soul,1Z8ODXyhEBi3WynYw0Rya6,0.7399068322981367,0.6650434782608696,-7.8381366459627335,0.29033602484472054,0.2206731055900621,0.009952233913043479,0.3075900621118013,0.6794161490683229,100.68601242236025,210394.96273291926,C# major,4
Aretha Franklin,7nwUJBm0HE4ZxD3f5cy5ok,0.5129301470588236,0.4582231617647059,-10.058797794117647,0.056836764705882344,0.5666112132352942,0.003253641985294118,0.20462977941176472,0.5254764705882353,120.75307720588235,216225.0588235294,C major,4
Louis Armstrong,19eLuQmk9aCobbVDHc6eek,0.5580627177700348,0.31049616724738677,-12.734250871080139,0.10806602787456447,0.805517212543554,0.11635728409407664,0.2900677700348432,0.5622749128919862,112.40259581881533,208678.606271777,G# major,4
Topic,0u6GtibW46tFX7koQ6uNJZ,0.6127857142857144,0.6460714285714284,-6.2447857142857135,0.048999999999999995,0.09994714285714286,0.17300198214285714,0.19256428571428572,0.2662714285714286,119.62821428571428,224783.14285714287,C minor,4
Ozuna,1i8SpTcr7yvPOmcqrbnVXY,0.7567704918032786,0.6823934426229508,-5.2120655737704915,0.10563852459016393,0.2166493442622951,0.006817721967213117,0.15892540983606557,0.628967213114754,127.5030819672131,200520.89344262294,F minor,4
Cris Mj,1Yj5Xey7kTwvZla8sqdsdE,0.786451612903226,0.691258064516129,-5.563935483870968,0.09153548387096776,0.17782548387096775,0.02081410548387097,0.1486548387096774,0.5913225806451613,103.55116129032257,190382.29032258064,C# major,4.0
L7NNON,0JjPiLQNgAFaEkwoy56B1C,0.7397719298245614,0.5463859649122806,-8.146649122807018,0.2647701754385965,0.35372807017543856,0.0013680042105263155,0.15500175438596492,0.5188771929824562,117.32538596491227,188855.49122807017,C# minor,4
Stevie Wonder,7guDJrEfX3qb6FEbdPA5qi,0.5569893617021276,0.5193262411347518,-12.002056737588653,0.05221631205673759,0.3642104503546099,0.056576014503546095,0.19501737588652482,0.6073365248226951,115.06693971631205,246952.54609929078,C# major,4
Lil Peep,2kCcBybjl3SAtIcwdWpUe3,0.5952,0.6104777777777778,-7.040355555555556,0.07364555555555555,0.11531293222222223,0.03354444355555555,0.17825000000000005,0.28265555555555555,123.55366666666667,187059.72222222222,D major,4
Rauw Alejandro,1mcTU81TzQhprhouKaTkpq,0.7429342105263158,0.7004999999999999,-4.248171052631579,0.11409210526315787,0.28132250000000003,0.013584376578947366,0.21096973684210527,0.4883052631578947,121.94136842105266,207114.63157894736,B minor,4
Beyoncé,6vWDO969PvNqNYHIOW5v0m,0.5771012658227849,0.550704746835443,-8.82389240506329,0.15943417721518988,0.28389036708860754,0.023276321582278478,0.2489689873417721,0.4464430379746836,111.64979113924052,208158.69620253163,C# major,4
Colter Wall,3xYXYzm9H3RzyQgBrYwIcx,0.5924791666666667,0.3404583333333333,-12.468791666666666,0.06635208333333333,0.7229166666666665,0.09057557166666667,0.15424166666666667,0.4867354166666667,116.38047916666665,200249.375,G major,4
Three Days Grace,2xiIXseIJcq3nG7C8fHeBj,0.45969411764705886,0.8243764705882352,-4.669517647058823,0.048412941176470575,0.024473060352941178,0.0014209258823529411,0.20202823529411768,0.3906011764705882,134.44458823529413,203838.7411764706,D major,4
KAYTRANADA,6qgnBH6iDM91ipVXv28OMu,0.7255777777777779,0.6608,-8.00308888888889,0.22713999999999998,0.08763524444444445,0.18351826355555556,0.1756,0.477031111111111,109.9447111111111,200393.64444444445,C# major,4
Radiohead,4Z8W4fKeB5YxbusRsdQVPb,0.39158596491228076,0.546219298245614,-10.548754385964912,0.05054736842105263,0.36085577543859654,0.40067269666666666,0.16602280701754388,0.3082701754385964,117.7277807017544,246853.92105263157,G major,4
OneRepublic,5Pwc4xIPtQLFEnJriah9YJ,0.4935408602150537,0.6503688172043011,-7.638688172043012,0.04501182795698924,0.21141364516129033,0.09061153150537636,0.17192473118279572,0.33882258064516124,124.08789247311829,232121.8817204301,D major,4
Alan Jackson,4mxWe1mtYIYfP040G38yvS,0.6129453781512605,0.4458235294117647,-11.165373949579834,0.032792016806722696,0.40596176470588236,0.0039401426890756305,0.1768373949579832,0.4943953781512605,124.06145798319328,219576.38655462186,D major,4
Ray Charles,1eYhYunlNJlDoQhtYBvPsi,0.502172,0.320394,-12.750496,0.0612592,0.7564048,0.07349880188,0.1625288,0.5088564,110.56503599999999,210096.192,G# major,4
Lil Uzi Vert,4O15NlyKLIASxsJ0PrXPfz,0.7421836734693877,0.6392993197278912,-6.055231292517006,0.21640408163265307,0.144888093877551,0.008883103401360544,0.21170748299319728,0.42829387755102044,134.48593197278913,204814.0612244898,C# major,4
blink-182,6FBDaR13swtiWwGhX1WQsP,0.4706470588235295,0.8782436974789917,-4.621084033613445,0.08795042016806723,0.03516659403361344,0.02471816243697479,0.20739243697478993,0.4725403361344538,135.91240336134456,176131.02521008404,C major,4
Lil Wayne,55Aa2cqylxrFIXC767Z865,0.6865063938618925,0.7014237851662405,-5.93535294117647,0.2488611253196931,0.12419204808184144,0.00032172652173913046,0.23109590792838872,0.5552437340153453,121.71492071611253,226104.73657289002,C# major,4
Nelly Furtado,2jw70GZXlAI8QzWeY2bgRc,0.6221058823529412,0.6651541176470588,-7.03845882352941,0.06175764705882353,0.14135082352941175,0.07192959235294119,0.22336941176470593,0.491104705882353,123.78924705882355,231162.7882352941,D major,4
James Blake,53KwLdlmrlCelAZMaLVZqU,0.45369550561797756,0.3115068539325843,-15.504258426966292,0.06750224719101124,0.7405752808988765,0.3284512032584269,0.13446853932584268,0.18672584269662923,112.3635393258427,235976.08988764044,C major,4
Galantis,4sTQVOfp9vEMCemLw50sbu,0.5691282051282051,0.8032820512820513,-4.085025641025642,0.06021025641025643,0.09333358974358975,0.01783339358974359,0.20840256410256414,0.41712820512820503,123.80161538461536,208495.79487179487,E major,4
Coolio,3y24n3XhZ96wgwRXjvS17T,0.8216933333333334,0.6086533333333334,-8.741973333333334,0.21881333333333336,0.1155764,0.0009803412,0.20407999999999998,0.6245333333333333,103.24686666666666,238782.09333333332,C# major,4
Ed Sheeran,6eUKZXaKkcviH0Ku9w2n3V,0.657515625,0.55301484375,-7.2170234375,0.0741109375,0.45246730468749996,0.00039656054687499994,0.16466953125,0.506078125,113.501296875,212083.3984375,G major,4
Wiz Khalifa,137W8MRPWKqSmrBGDBFSop,0.7070597345132743,0.6996061946902654,-5.956723451327433,0.20098849557522125,0.1347977853982301,0.005157487721238938,0.26113938053097346,0.4941973451327434,121.73315044247789,213207.5132743363,C# major,4
AC/DC,711MCceyCBcFnzjGY4Q7Un,0.4978823529411765,0.8176,-4.732094117647059,0.057552941176470584,0.02705779682352941,0.16327026611764708,0.18698470588235294,0.5366082352941176,124.20229411764706,243167.27647058823,A major,4
Daryl Hall & John Oates,77tT1kLj6mCWtFNqiOmP9H,0.6068456375838925,0.625244966442953,-9.253731543624161,0.04734496644295302,0.29329815436241613,0.009650595973154366,0.2628489932885906,0.6579510067114094,120.27655704697987,267750.41610738257,C major,4
Eazy-E,7B4hKK0S9QYnaoqa9OuwgX,0.743125,0.71365,-7.427625000000001,0.20565499999999998,0.02837695,0.009212981749999998,0.280165,0.569325,112.32907500000002,240582.325,C# major,4
Estelle,5T0MSzX9RC5NA6gAI6irSn,0.6145243902439025,0.7171585365853658,-6.051512195121951,0.17332682926829268,0.20175713292682929,0.006699904756097562,0.21079024390243903,0.5854999999999999,109.62207317073174,209228.28048780488,B minor,4
Drake,3TVXtAsR1Inumwj472S9r4,0.6520346153846154,0.5456838461538461,-8.301823076923078,0.21611769230769232,0.2299118576923077,0.008092916884615386,0.19694307692307694,0.3494123076923077,119.0209923076923,240026.79230769232,C# major,4
John Legend,5y2Xq6xcjJb2jVM54GHK3t,0.5307405405405405,0.5958972972972973,-6.933394594594594,0.08601189189189189,0.38864535135135125,0.03963313572972973,0.2567091891891892,0.4899535135135135,111.50366486486486,226118.17297297297,C major,4
Kygo,23fqKkggKUBHNkbKtXEls4,0.623875,0.6136785714285714,-7.360696428571429,0.06396964285714286,0.29032678571428566,0.018539324285714285,0.14992142857142857,0.3361392857142857,113.826625,218230.30357142858,C major,4
Don Omar,33ScadVnbm2X8kkUqOkC6Z,0.7298781725888326,0.769248730964467,-5.903472081218274,0.13678020304568528,0.1821783401015228,0.0034413654822335027,0.20695939086294415,0.6728274111675125,115.25782741116753,221191.461928934,G major,4
Bootsy Collins,5K0rbdBrs2tNXe5LeWMATT,0.6356147540983605,0.6635934426229508,-10.240819672131147,0.16747622950819668,0.23147659836065573,0.0552205536885246,0.3351688524590164,0.5796475409836066,101.83963934426231,239246.54098360657,E minor,4
Megan Moroney,5Ppie0uPnbnvGBYRwYmlt0,0.444125,0.5365,-6.6442499999999995,0.041506249999999995,0.22752375000000002,3.8631249999999995e-06,0.1535125,0.38887499999999997,114.1111875,198367.8125,A major,4
Bon Iver,4LEiUm1SRbFMgfqnQTwUbQ,0.45929268292682923,0.301590243902439,-14.274317073170733,0.06302682926829267,0.870390243902439,0.21288214097560976,0.17618536585365857,0.24585121951219513,116.00531707317073,217182.70731707316,A major,4.0
The Pharcyde,7yk35uHNQclPXFGFoTU44w,0.7476164383561644,0.6646438356164384,-8.743999999999998,0.2900931506849315,0.2812039726027397,0.03590298095890411,0.2548369863013698,0.681027397260274,100.7172602739726,217206.2876712329,A# minor,4
Alicia Keys,3DiDSECUqqY1AuBP8qtaIa,0.5210322580645163,0.5972366568914956,-7.306856304985337,0.10741554252199415,0.3925287976539589,0.03118985914956011,0.3563076246334311,0.3535950146627566,111.35043108504398,212795.08211143696,B minor,4
Nujabes,3Rq3YOF9YG9YfCWD4D56RZ,0.7015428571428569,0.6489428571428573,-9.035619047619049,0.09903619047619049,0.31579720104761905,0.6037467354285715,0.16474,0.684097142857143,109.49370476190477,251653.78095238094,A# minor,4.0
Billy Joel,6zFYqv1mOsgBRQbae3JJ9e,0.542113043478261,0.54368,-11.175199999999998,0.04789217391304347,0.3923199130434783,0.10201114782608696,0.1671321739130435,0.5224834782608696,119.23022608695652,263040.62608695653,C major,4
Kaskade,6TQj5BFPooTa08A7pk8AQ1,0.6733857868020307,0.687786802030457,-7.440624365482234,0.07486192893401016,0.1776418883248731,0.3005696728426396,0.16408121827411168,0.355497461928934,121.33851269035532,229514.2233502538,E minor,4
Miles Davis,0kbYTNQb4Pb1rPbbaF0pT4,0.5154907407407407,0.38992996913580247,-14.05437037037037,0.10671080246913578,0.5628613311728394,0.23554284398148145,0.20887685185185187,0.4801848765432098,111.22397839506174,390854.72222222225,G# major,4
Young Thug,50co4Is1HCEo8bhOyUWKpn,0.7496032786885246,0.5666078688524591,-8.40103606557377,0.23508754098360657,0.10717383934426229,0.0010247249836065574,0.1965416393442623,0.4589724590163934,128.77650163934425,207566.07213114755,C# major,4
Fleetwood Mac,08GQAI4eElDnROBrJRGE0X,0.5403846153846155,0.5327823529411765,-11.080669683257916,0.05088054298642534,0.47137257918552034,0.17632347511312219,0.2697429864253394,0.620824886877828,123.6991221719457,253685.92760180996,D major,4
mgk,6TIYQ3jFPwQSRmorSezPxX,0.644504201680672,0.7099159663865545,-6.197781512605042,0.1351126050420168,0.0898269218487395,0.008392289411764708,0.20252689075630254,0.36798823529411767,125.14377310924368,193743.1092436975,C# major,4
USHER,23zg3TcAtWQy7J6upgbUnj,0.6718150289017341,0.603965317919075,-7.029381502890174,0.09924508670520232,0.15321332369942198,0.0008281463005780348,0.16389710982658962,0.5366173410404624,117.9444624277457,230544.36994219653,C# major,4
Sofi Tukker,586uxXMyD5ObPuzjtrzO1Q,0.6544999999999999,0.6903636363636362,-7.155227272727274,0.06063636363636364,0.1349377727272727,0.16531048090909095,0.20339090909090915,0.5220454545454547,114.91690909090909,180937.86363636365,A minor,4.0
Robin Schulz,3t5xRXzsuZmMDkQzgOX35S,0.617625,0.710046875,-6.97475,0.082465625,0.08992203124999999,0.11806314140625002,0.170984375,0.3625140625,120.17431250000001,198359.5,F# minor,4
Jelly Roll,19k8AgwwTSxeaxkOuCQEJs,0.6514044585987261,0.6860987261146497,-7.158605095541402,0.1455359872611465,0.12106354522292995,0.00034731681528662426,0.23100031847133756,0.4343633757961783,124.12383757961781,212034.14968152865,B minor,4.0
Foo Fighters,7jy3rLJdDQY21OgRLCZ9sD,0.44770370370370366,0.7769429629629631,-6.228466666666667,0.0511162962962963,0.07944780103703702,0.08405152644444444,0.19498074074074076,0.4048222222222222,134.18936296296295,257470.24444444446,D major,4
Kurupt,6NyJIFHAePjHR1pFxwisqz,0.728095,0.69149,-6.8113649999999994,0.27409,0.14513542,0.04726308969999999,0.23031599999999997,0.5793585,104.87317499999997,241382.3,C# major,4
deadmau5,2CIMQHirSU0MQqyYHq0eOx,0.6815058823529412,0.6431434705882353,-9.777017647058823,0.09170058823529412,0.1426515511764706,0.66542515,0.2015529411764706,0.27359058823529414,121.9043588235294,361165.8,C# major,4
Khruangbin,2mVVjNmdjXZZDvhgQWiakk,0.5933012048192771,0.4765710843373494,-12.430831325301204,0.06731566265060242,0.24384678313253014,0.7137381360240963,0.2714590361445783,0.6116578313253013,103.69337349397591,262975.0963855422,B minor,4.0
Norah Jones,2Kx7MNY7cI1ENniW7vT30N,0.5439444444444445,0.31285303030303024,-11.305010101010101,0.03740808080808081,0.7067479797979799,0.09532698383838384,0.12470454545454544,0.3625292929292929,114.60162626262628,219309.2626262626,C major,4
Tory Lanez,2jku7tDXc6XoB6MO2hFuqg,0.6023192771084337,0.6070722891566265,-8.226921686746989,0.24384879518072286,0.17221683734939758,6.323337349397591e-05,0.1810933734939759,0.4204072289156626,118.18951204819274,219240.1265060241,C# major,4
Carrie Underwood,4xFUf1FHVy696Q1JQZMTRj,0.4843719008264463,0.6629256198347108,-4.849818181818182,0.04918677685950414,0.32119868595041323,1.8445867768595046e-05,0.1391132231404959,0.3935809917355372,120.88734710743802,226007.81818181818,D major,4.0
NF,6fOMl44jA4Sp5b9PpYCkzz,0.6426385542168673,0.6951337349397592,-5.939879518072289,0.20206506024096385,0.3226851445783132,9.105168674698795e-05,0.17393493975903618,0.3229951807228916,120.02680722891564,237012.2891566265,C# major,4
Michael Bublé,1GxkXlMwML1oSg5eLPiAz3,0.4795581395348838,0.4534494186046512,-7.986011627906977,0.04054767441860465,0.5196887965116279,0.0052732924999999995,0.1759156976744186,0.46085523255813954,115.26242441860467,210165.80813953487,F major,4
Taylor Swift,06HL4z0CvFAxyc27GXpf02,0.591530487804878,0.6064969512195122,-6.844179878048781,0.052214024390243904,0.24267083231707318,0.0030503297560975605,0.1452280487804878,0.41097896341463414,123.72175609756097,243057.48780487804,G major,4
BTS,3Nrfpe0tUJi4K4DXYWgMUX,0.6223977272727272,0.7618409090909091,-5.24072159090909,0.1715244318181818,0.16336717613636365,0.020810056136363633,0.20593352272727275,0.5404960227272727,120.3970909090909,215866.6875,C# major,4
Al Green,3dkbV4qihUeMsqN4vBGg93,0.6920933333333333,0.4663866666666667,-10.472959999999999,0.04987333333333333,0.3716756,0.05390584586666667,0.14513066666666666,0.6704266666666667,113.25366666666669,217773.37333333332,F major,4
Syleena Johnson,1lE6SEy8f84Zhjvp7r8yTD,0.5536436781609195,0.5605517241379311,-7.733793103448276,0.12160574712643676,0.27623931034482757,0.020047112298850575,0.19893908045977007,0.49768620689655185,110.93905747126439,222918.3448275862,C major,4.0
Mora,0Q8NcsJwoCbZOHHW63su5S,0.7033050847457626,0.6263050847457626,-6.320610169491523,0.1237949152542373,0.4078474576271186,0.004815033728813559,0.1390186440677966,0.5446186440677966,123.6247966101695,188701.50847457626,B minor,4.0
Bad Bunny,4q3ewBCX7sLwd24euuV69X,0.7474821428571429,0.6654910714285714,-5.861821428571429,0.13083482142857145,0.23871071428571428,0.005894399107142859,0.17100625,0.48704375000000005,121.29076785714285,207868.57142857142,C# major,4
Rage Against The Machine,2d0hyoQ5ynDBnkvAbJKORj,0.4517749999999999,0.8473749999999999,-6.456275,0.145345,0.03508665,0.04002739475,0.2404325,0.47047000000000005,117.2379,253567.975,G major,4
Cage The Elephant,26T3LtbuGT1Fu9m0eRq5X3,0.46953333333333336,0.8081,-4.5800833333333335,0.06595666666666668,0.08084465383333332,0.04214336266666667,0.20061333333333337,0.44256000000000006,128.08831666666666,214078.0,C major,4.0
Sugar Ray,4uN3DsfENc7dp0OLO0FEIb,0.6330375,0.7767000000000001,-5.695,0.06872375,0.07876609125,0.067971429375,0.20326250000000004,0.6929125,114.46256250000002,200815.8875,C# major,4
My Chemical Romance,7FBcuc1gsnv6Y1nwFtNRCb,0.4053333333333334,0.8449595238095239,-4.627761904761904,0.07748095238095237,0.08872380952380952,0.036593728809523815,0.23403809523809527,0.35014285714285714,136.95261904761904,213527.92857142858,D major,4
Count Basie,2jFZlvIea42ZvcCw4OeEdA,0.5413496240601503,0.3088375939849624,-14.392109022556392,0.0693231829573935,0.7425085213032582,0.3075887603258145,0.23235877192982454,0.5486614035087719,120.18604010025062,222342.45238095237,C major,4
Dua Lipa,6M2wZ9GZgrQXHCFfjv46we,0.6918333333333333,0.6948333333333334,-5.838236111111112,0.08501249999999999,0.08561491666666667,0.011791098055555555,0.17193194444444446,0.5504722222222223,112.78,198676.05555555556,C major,4
Commodores,6twIAGnYuIT1pncMAsXnEm,0.6796106194690266,0.6073424778761062,-11.842831858407079,0.05540088495575222,0.2210975221238938,0.050472380000000004,0.11556106194690263,0.7163787610619469,115.3018849557522,267957.49557522126,A major,4.0
Lost Frequencies,7f5Zgnp2spUuuzKplmRkt7,0.6775434782608695,0.6754782608695652,-7.654043478260869,0.05662608695652172,0.241564347826087,0.05608225239130434,0.16203260869565217,0.3737086956521739,122.42452173913044,197085.80434782608,A minor,4
Sam Cooke,6hnWRPzGGKiapVX1UCdEAC,0.47765384615384615,0.3774961538461539,-11.854692307692307,0.04560384615384615,0.7229999999999998,0.019846254615384615,0.2164807692307692,0.6378076923076924,113.60065384615383,154289.88461538462,G major,4
Alesso,4AVFqumd2ogHFlRbKIjp1t,0.49090909090909085,0.7162727272727274,-5.328545454545454,0.04655454545454545,0.1864090909090909,0.26646040363636364,0.29772727272727273,0.34790909090909095,122.7951818181818,217065.27272727274,F# minor,4
"Earth, Wind & Fire",4QQgXkCYTt3BlENzhyNETg,0.6460060975609757,0.6599737804878049,-9.882262195121951,0.07283902439024391,0.30308814024390246,0.12743943908536584,0.2362128048780488,0.6743676829268294,116.3498292682927,236361.41463414635,A major,4
Nina Simone,7G1GBhoKtEPnP86X2PvEYO,0.4578835616438356,0.37014657534246576,-12.691869863013698,0.055350684931506855,0.7595417808219178,0.050729975342465754,0.22577808219178083,0.4769732876712329,112.12860273972602,211802.2397260274,A minor,4
Playboi Carti,699OTQXzgjhIYAHMy9RyPD,0.7648392857142857,0.6369107142857143,-6.020910714285715,0.2084392857142857,0.07692560714285714,3.636553571428572e-05,0.20846964285714284,0.3927089285714286,136.59324999999998,173295.44642857142,C# major,4
Young Miko,3qsKSpcV3ncke3hw52JSMB,0.77884,0.56076,-7.23188,0.24005200000000002,0.33256399999999997,0.000915144,0.20016799999999996,0.5503600000000001,125.31948,157236.64,B major,4
T-Pain,3aQeKQSyrW4qWr35idm0cy,0.6146947368421053,0.561242857142857,-8.005345864661654,0.17466165413533832,0.11411234135338345,0.006987803082706767,0.19990676691729325,0.4111819548872181,115.83840601503759,212895.22556390977,C# major,4
Justin Quiles,14zUHaJZo1mnYtn6IBRaRP,0.713970588235294,0.7080147058823529,-5.1099264705882375,0.13813529411764705,0.19515000000000005,4.723882352941176e-05,0.17325735294117647,0.6426779411764705,130.0224117647059,208540.33823529413,F# minor,4
Lee Brice,5Zq7R5qmi58ByYyBQTlNuk,0.5421549295774646,0.656267605633803,-7.4503802816901405,0.0427225352112676,0.20464521126760568,0.0002012194366197183,0.1727394366197183,0.43390140845070424,123.80204225352112,213642.52112676058,G major,4
Funk Wav,4A0TivfinfALCAMJqqjZIk,0.774,0.7611111111111111,-4.179444444444445,0.0995888888888889,0.2858,0.00020572333333333334,0.13015555555555555,0.6944444444444444,108.4648888888889,228961.11111111112,F# minor,4
Thee Sacred Souls,0oK5D6uPhGu4Jk2dbZfodU,0.5060000000000001,0.4444166666666667,-8.603583333333333,0.02900833333333333,0.5509999999999999,0.00023939000000000002,0.15898333333333334,0.5914166666666667,136.5675,193637.25,B minor,4
Panic! At The Disco,20JZFwl6HVl6yg8a4H3ZqK,0.47558024691358025,0.7691728395061728,-5.4525802469135805,0.08324691358024693,0.12093079135802469,0.015162803703703704,0.2257259259259259,0.49878765432098765,133.07880246913578,199731.8765432099,A minor,4.0
Mary J. Blige,1XkoF8ryArs86LZvFOkbyr,0.6338677042801556,0.6003151750972763,-6.929439688715953,0.1362591439688716,0.24143030739299612,0.007043360077821013,0.1824501945525292,0.5051334630350195,114.01824513618676,245763.5953307393,C# major,4
Masego,3ycxRkcZ67ALN3GQJ57Vig,0.7113695652173913,0.5168217391304348,-8.487521739130438,0.18685434782608695,0.44718478260869565,0.04570995695652175,0.21878260869565216,0.5275869565217391,108.51456521739128,195549.54347826086,E minor,4.0
Kool & The Gang,3VNITwohbvU5Wuy5PC6dsI,0.6647310344827586,0.6092827586206897,-11.112282758620688,0.07242,0.2112591724137931,0.08253952310344828,0.19157241379310344,0.6668689655172414,112.81071034482758,264705.5931034483,C major,4
Sade,47zz7sob9NUcODy0BTDvKx,0.6492542372881358,0.4144305084745762,-11.328745762711863,0.03905762711864407,0.4313101694915254,0.1241306,0.1049694915254237,0.5381881355932203,114.958,276464.27118644066,F minor,4
50 Cent,3q7HBObVc0L8jNeTe5Gofh,0.6341326530612245,0.7663163265306123,-4.7853979591836735,0.29766326530612247,0.14068414285714287,0.013935042551020406,0.21458775510204076,0.5806020408163266,107.71892857142858,201535.83673469388,C# major,4
DJ Snake,540vIaP2JwjQb9dm3aArA4,0.629151515151515,0.7859090909090909,-4.575484848484849,0.08746666666666668,0.12219848484848483,0.1334669006060606,0.223630303030303,0.3539727272727272,129.60909090909092,219329.0,C# major,4
Wisin & Yandel,1wZtkThiXbVNtj6hee6dz9,0.7538702702702703,0.795454054054054,-5.2645405405405405,0.12096756756756757,0.12120386486486484,0.0033299118918918916,0.1827945945945946,0.5739297297297297,113.3638162162162,231454.05405405405,A minor,4
Jason Aldean,3FfvYsEGaIb52QPXhg4DcH,0.5378108108108108,0.7266702702702702,-5.936897297297297,0.10167513513513513,0.1947507081081081,7.780756756756758e-05,0.2198027027027027,0.5414864864864865,133.95637297297299,195562.85945945946,G major,4
Erykah Badu,7IfculRW2WXyzNQ8djX8WX,0.6459375,0.47743265625000003,-9.642203125,0.1364484375,0.28482859375,0.08587482515625,0.2103125,0.487334375,108.65798437500001,288399.15625,C# major,4
DENNIS,6xlRSRMLgZbsSNd0BMobwy,0.8482439024390243,0.7393414634146344,-4.7457723577235775,0.13779024390243902,0.22880840650406503,0.00725133130081301,0.135779674796748,0.7412000000000001,128.745,163240.78048780488,B minor,4
W&W,2rTo8KIkBTFjQS7VvaKYQ4,0.5971818181818181,0.8048181818181818,-6.991363636363636,0.06060909090909092,0.028230545454545453,0.7059126727272728,0.18107272727272727,0.25682727272727274,131.71836363636362,256788.9090909091,A minor,4.0
R3HAB,6cEuCEZu7PAE9ZSzLLc2oQ,0.6209310344827585,0.6212413793103447,-7.170206896551725,0.07982413793103449,0.22246896551724138,0.12210831965517241,0.15926896551724135,0.32362068965517243,113.91293103448275,155448.0344827586,F minor,4
A Tribe Called Quest,09hVIj6vWgoCDtT03h8ZCa,0.8147931034482758,0.5637011494252874,-8.974137931034482,0.28282068965517243,0.169947816091954,0.042782937931034486,0.21237241379310343,0.6757701149425287,99.3316551724138,220828.2183908046,C# major,4
Led Zeppelin,36QJpDe2go2KgaRleHCDTp,0.5245,0.357,-11.5245,0.04165,0.7585,0.05105,0.1765,0.629,111.815,276580.0,D major,3
Eladio Carrion,5XJDexmWFLWOkjOEjOVX3e,0.6969150943396227,0.6365283018867925,-6.440188679245283,0.18683962264150947,0.36199811320754716,0.0010417924528301886,0.15388301886792452,0.4857924528301887,123.40314150943396,175917.06603773584,C minor,4.0
Kid Cudi,0fA0VVWsXO9YnASrzqfmYu,0.6487020202020202,0.6356414141414142,-7.4643434343434345,0.09685505050505051,0.29452147979797977,0.1257198763131313,0.22397020202020204,0.4451808080808081,125.78741919191918,213425.6313131313,C# major,4
MC Cabelinho,1WQBwwssN6r8DSjUlkyUGW,0.7392295081967214,0.701327868852459,-5.123180327868852,0.15071147540983607,0.3848262295081967,0.001050357868852459,0.1363967213114754,0.590639344262295,130.22683606557376,190729.131147541,A# minor,4
Nicky Jam,1SupJlEpv7RS2tPNRaHViT,0.7453978494623656,0.7372043010752686,-5.5459139784946245,0.13035913978494623,0.20114290322580644,0.00014876032258064514,0.1266,0.6578709677419354,119.8577956989247,185459.47311827957,G major,4
Kane Brown,3oSJ7TBVCWMDMiYjXNiCKE,0.5706382978723405,0.7027446808510639,-6.388978723404256,0.042389361702127655,0.17193502127659577,2.995127659574468e-05,0.1549170212765957,0.5515744680851064,123.22048936170214,200509.72340425532,G major,4
Jay Wheeler,2cPqdH7XMvwaBJEVjheH8g,0.7073246753246754,0.48031168831168836,-7.75361038961039,0.18032077922077924,0.532074025974026,0.0028094384415584418,0.12113766233766234,0.45131948051948045,139.2462077922078,194244.33766233767,C# minor,4
Cigarettes After Sex,1QAJqy2dA3ihHBFIHRphZj,0.44984210526315793,0.39026315789473687,-10.420421052631578,0.02774736842105263,0.4682736842105263,0.6623052631578947,0.11030000000000002,0.19151052631578946,105.079,276550.8947368421,F major,4
Jungle,59oA5WbbQvomJz2BuRG071,0.6184528301886794,0.6441509433962265,-7.742264150943397,0.05725849056603773,0.2739620754716981,0.22324069452830192,0.27281509433962264,0.5041339622641511,116.75705660377358,192437.15094339623,A# minor,4
Rezz,4aKdmOXdUKX07HVd3sGgzw,0.63236,0.6961200000000001,-7.794599999999999,0.08584200000000002,0.11382591999999998,0.540025896,0.20107,0.24878799999999998,137.8208,182692.82,D major,4
Metro Boomin,0iEtIxbK0KxaSlF7G42ZOp,0.7307320261437908,0.5272156862745098,-8.123575163398694,0.2162431372549019,0.17729752941176471,0.03810843653594771,0.2160359477124183,0.3003006535947712,127.5952156862745,214368.07189542483,C# major,4
Nate Dogg,1Oa0bMld0A3u5OTYfMzp5h,0.7579152542372881,0.6387627118644067,-7.346745762711865,0.23800338983050848,0.17581508474576274,0.011445720847457626,0.27365932203389826,0.717322033898305,104.39294915254237,150206.5593220339,A# minor,4.0
Marvin Gaye,3koiLjNrgRTNbOwViDipeA,0.5376791277258568,0.5162439252336449,-10.743595015576323,0.04764112149532709,0.39496049844236764,0.06405005859813084,0.20831962616822428,0.6072548286604362,117.23830218068534,216005.5327102804,C major,4
Otis Redding,60df5JBRRPcnSpsIMxxwQm,0.6309652173913043,0.4243486956521739,-12.149382608695653,0.07508,0.39389695652173917,0.029050380434782606,0.276655652173913,0.6749060869565219,124.67889565217392,182972.64347826087,C major,4
XXXTENTACION,15UsOTVnJzReFVN1VCnxy4,0.6821438848920864,0.468538345323741,-9.061446043165466,0.21452949640287772,0.40954263453237405,0.04065889309352518,0.17662877697841728,0.3853827338129497,119.83238848920864,140542.7913669065,C major,4.0
Creedence Clearwater Revival,3IYUhFvPQItj6xySrBmZkd,0.6261827956989248,0.6000860215053763,-10.005150537634409,0.041388172043010756,0.1619855376344086,0.15407746763440858,0.12788494623655913,0.712937634408602,123.32529032258067,232287.4193548387,D major,4
Bill Withers,1ThoqLcyIYvZn7iWbj8fsj,0.6670649350649349,0.4372740259740259,-12.87385714285714,0.05158831168831168,0.4754155844155844,0.09564037298701299,0.10999480519480517,0.6330142857142858,119.28666233766232,247353.98701298703,A major,4
Ty Dolla $ign,7c0XG5cIJTrrAgEC3ULPiq,0.6740252100840335,0.5649075630252102,-7.792504201680672,0.13325378151260506,0.23083302521008406,0.022305584957983193,0.25299075630252105,0.4523697478991596,120.00659663865545,186520.23529411765,B minor,4.0
Camilo,28gNT5KBp7IjEOQoevXf9N,0.7282258064516131,0.596,-4.645225806451613,0.11165483870967743,0.32174774193548394,2.4506451612903224e-05,0.1526064516129032,0.7840967741935485,136.55119354838712,190558.48387096773,C major,4
Miley Cyrus,5YGY8feqx7naU7z4HrwZM6,0.583392,0.6756392,-5.800320000000001,0.05927120000000001,0.14660293680000003,0.023596928000000007,0.1877632,0.43092400000000003,125.134376,215656.072,C major,4
The Beatles,3WrFJ7ztbogyGnTHbHJFl2,0.5105172413793103,0.5227931034482759,-9.894758620689654,0.049982758620689655,0.28043986551724137,0.0026522458620689654,0.24606206896551716,0.634448275862069,114.43306896551726,191959.24137931035,C major,4
Britney Spears,26dSoYclwsYLMAKD3tpOr4,0.6973385826771655,0.7175511811023623,-5.73640157480315,0.06621889763779525,0.16046272440944884,0.004105929448818898,0.17124960629921263,0.6328346456692913,118.10662992125982,215598.3149606299,G major,4
John Coltrane,2hGh5VOeeqimQFxqXvfCUf,0.4437886178861789,0.35991780487804875,-13.929520325203253,0.05240325203252033,0.7141544715447155,0.1418684411382114,0.18946504065040648,0.4571707317073171,107.74439837398376,474229.77235772356,F minor,4
Kenny G,6I3M904Y9IwgDjrQ9pANiB,0.49654237288135594,0.4663525423728813,-10.406796610169492,0.039464406779661024,0.4454022429378531,0.4237422681355933,0.14124858757062145,0.3977463276836159,115.90419209039548,267346.5141242938,C major,4
ILLENIUM,45eNHdiiabvmbp4erw26rg,0.48089814814814813,0.7073611111111111,-4.943083333333333,0.06744166666666668,0.12596865740740743,0.03454469101851852,0.19764537037037033,0.28340370370370377,136.16862037037038,230459.05555555556,D major,4
Cody Johnson,6zLBxLdl60ekBLpawtT63I,0.5382956521739131,0.6190422608695653,-6.6916521739130435,0.03602869565217392,0.2592153043478261,0.0004315646086956522,0.17485739130434785,0.4975721739130434,125.14921739130436,217445.18260869564,G major,4
Offset,4DdkRBBYG6Yk9Ka8tdJ9BW,0.8009148936170212,0.5628936170212766,-7.025255319148934,0.19373829787234043,0.24049723404255322,0.03510904744680851,0.15775744680851064,0.341331914893617,129.10348936170215,192773.06382978722,C# major,4
Nicki Minaj,0hCNtLu0JehylgoiP8L4Gh,0.7091290322580645,0.6811548387096775,-6.224683870967742,0.20665483870967738,0.19871309677419355,0.006748327612903227,0.21599870967741933,0.4630096774193548,123.19363870967742,216748.56129032257,C# major,4
Chris Stapleton,4YLtscXsxbVgi031ovDDdh,0.5700999999999999,0.4604916666666667,-10.550350000000002,0.035761666666666664,0.3338881666666666,0.0719328705,0.14923166666666668,0.45027000000000006,118.67540000000001,236438.35,A major,4
Jack Harlow,2LIk90788K0zvyj2JJVwkJ,0.777438202247191,0.5866179775280899,-7.208044943820224,0.2001865168539326,0.17230801573033708,0.0035402976404494382,0.14918764044943822,0.5170932584269663,116.62995505617978,175241.23595505618,C# major,4
NLE Choppa,0ErzCpIMyLcjPiwT4elrtZ,0.7279896907216495,0.6862061855670103,-6.006567010309277,0.28584020618556705,0.14706680412371134,0.00010292175257731958,0.2012876288659794,0.5282896907216494,127.7260618556701,180859.88659793814,C# major,4
GRiZ,25oLRSUjJk4YHNUsQXk7Ut,0.5503434343434344,0.7941717171717171,-5.693575757575758,0.11094848484848484,0.08893388383838384,0.177986428989899,0.27316868686868684,0.43848787878787876,123.93553535353534,253530.64646464647,C# major,4
Mc IG,2q9wk5fkeU2C9CgCKdh4AN,0.6985322580645162,0.5129838709677419,-7.170999999999999,0.24403064516129036,0.36541774193548393,9.122516129032258e-05,0.13431290322580647,0.6341774193548386,115.99490322580647,226968.14516129033,B minor,4.0
Key Glock,0RESbWvOMyua0yuyVrztJ5,0.8831666666666668,0.6330119047619048,-6.531083333333333,0.2553059523809524,0.0677901369047619,0.0007325073809523809,0.14877559523809525,0.5237333333333334,136.2726964285714,169671.4642857143,C# major,4
Tiësto,2o5jDhtHVPhrJdv3cEQ99Z,0.6108789473684211,0.8238576315789473,-7.733318421052632,0.062175,0.041514616289473685,0.5682409980263158,0.19607315789473684,0.3509707894736842,131.83813421052633,484390.5552631579,G major,4
Arcángel,4SsVbpTthjScTS7U2hmr1X,0.7292307692307692,0.7234082840236686,-5.674550295857988,0.17147278106508876,0.2568739053254438,0.009753880650887574,0.24682130177514794,0.6299349112426036,120.13268047337277,210299.23076923078,C# major,4
Eminem,7dGJo4pcD2V6oG8kP0tJRR,0.7363873517786561,0.7696245059288538,-4.681391304347827,0.2681806324110672,0.13269013438735178,0.0003130828063241107,0.26424940711462447,0.5533245059288538,114.70561660079052,263263.04347826086,C# major,4
Mark Ronson,3hv9jJF3adDNsBSIQDqcjp,0.5613214285714286,0.6595040816326531,-8.346642857142857,0.07125204081632654,0.20445934591836734,0.392962231122449,0.19508367346938776,0.4641663265306123,113.23708163265306,183313.98979591837,C major,4
Ñengo Flow,12vb80Km0Ew53ABfJOepVz,0.7379310344827587,0.7388344827586207,-6.605737931034483,0.22592620689655168,0.15644055172413793,9.568393103448276e-05,0.19436689655172412,0.7147310344827585,122.09753793103448,217062.92413793103,D major,4.0
Sam Feldt,20gsENnposVs2I4rQ5kvrf,0.66975,0.666125,-6.6626666666666665,0.04712499999999999,0.21112916666666667,0.015749343750000002,0.15575833333333333,0.43425,112.35591666666664,174108.95833333334,C major,4
The Rolling Stones,22bE4uQ6baNwSHPVcDxLCe,0.5401513761467891,0.7414311926605505,-7.523316513761468,0.05159633027522935,0.2850301256880734,0.20013503344036696,0.23082110091743122,0.6790366972477063,122.12457798165137,229840.42201834862,C major,4
Post Malone,246dkjvS1zLTtiykXe5h60,0.5845242718446603,0.6102912621359223,-6.2345825242718425,0.06554660194174758,0.2673623388349514,0.0067414306796116505,0.16279805825242719,0.3362087378640777,122.46208737864079,205753.25242718446,C major,4
JAY-Z,3nFkdlSjzX9mRTtwJOzDYB,0.6821483253588516,0.7620095693779904,-5.673942583732058,0.30081196172248803,0.12923252392344498,0.007957015071770334,0.2275138755980861,0.5722674641148325,106.41285167464115,251328.04306220094,C# major,4
Pink Floyd,0k17h0D3J5VfsdmQ1iZtE9,0.3883606666666667,0.35313,-16.209666666666664,0.05717933333333333,0.465039698,0.38238403179999997,0.2357086666666667,0.2466913333333333,117.24597333333334,260305.06666666668,G major,4
Bill Evans,4jXfFzeP66Zy67HM2mvIIF,0.43290500000000004,0.27864511785714285,-17.894149999999996,0.07569428571428571,0.8552749999999999,0.6378709691428571,0.2716328571428572,0.3204303571428572,104.33997142857143,307682.27857142856,F major,4
Tony Bennett,2lolQgalUvZDfp5vvVtTYV,0.4149695150115474,0.24175958429561198,-14.11936258660508,0.046425173210161666,0.8261441108545035,0.026429718822170902,0.18129953810623559,0.30055150115473445,109.89042263279445,196815.25635103925,C major,4
Yebba,1ooV8YZC1KbpEcrmI8WH0F,0.5133333333333333,0.4644333333333334,-9.72225,0.045775,0.6304583333333333,0.14930918333333335,0.118825,0.312575,107.06675,194579.75,C# minor,4.0
The Smiths,3yY2gUcIsjMr8hjo51PoJ8,0.165,0.709,-7.409,0.0564,0.0167,0.000257,0.286,0.338,57.02,297586.0,C# minor,4
Ella Fitzgerald,5V0MlUE1Bft0mbLlND7FJz,0.478995085995086,0.2482078624078624,-12.703314496314496,0.07025184275184275,0.8419398034398033,0.02346461414004914,0.21421019656019655,0.43752739557739556,111.26713144963146,205778.0343980344,A# major,4
Clean Bandit,6MDME20pz9RveH9rEXvrOM,0.7215,0.6859230769230767,-6.121153846153845,0.05050384615384615,0.10360192307692309,0.006470820384615385,0.16294615384615382,0.5304230769230769,118.76184615384615,222326.76923076922,F minor,4
MC Hariel,0pcoadNMmvrUyab1RxWBoV,0.6779090909090909,0.6116818181818182,-6.318840909090909,0.27803181818181816,0.4099522727272728,3.4311363636363635e-06,0.15602727272727274,0.5728863636363637,121.67379545454543,176541.29545454544,G minor,4
21 Savage,1URnnhqYAYcrqrcwql10ft,0.7770671140939597,0.5280939597315437,-8.487463087248322,0.2593758389261745,0.15421544966442952,0.045333686711409395,0.2097744966442953,0.3379181208053692,129.43235570469798,213856.40939597314,C# major,4
Romeo Santos,5lwmRuXgjX8xIwlnauTZIP,0.7476091954022988,0.6902413793103449,-5.653666666666668,0.0813735632183908,0.3419885057471264,2.270574712643678e-06,0.19694597701149424,0.7619540229885057,124.9446896551724,219732.7816091954,A minor,4
Gryffin,2ZRQcIgzPCVaT9XKhXZIzh,0.5620909090909092,0.7665757575757576,-5.102939393939394,0.05863030303030303,0.07436363636363637,0.05682466272727272,0.1566,0.4152727272727273,131.901303030303,200216.9090909091,C major,4
Leslie Odom Jr.,3cR4rhS2hBWqI7rJEBacvN,0.4900363636363636,0.3895999999999999,-10.903745454545453,0.05362363636363636,0.6482927272727274,0.026125263999999995,0.17428181818181815,0.3774709090909091,117.23683636363637,198512.76363636364,F major,4
INXS,1eClJfHLoDI4rZe5HxzBFv,0.5793484848484848,0.6745303030303033,-9.66830303030303,0.1501727272727273,0.19468094545454548,0.10843065636363636,0.19896060606060606,0.5675515151515151,123.39327272727273,201223.39393939395,G major,4
Bryson Tiller,2EMAnMvWE2eb56ToJVfCWs,0.6073376623376624,0.5639740259740259,-7.429779220779221,0.21047922077922074,0.26299532467532466,0.0150925412987013,0.2125922077922078,0.4274207792207793,121.27692207792208,175861.4805194805,A# minor,4
Elvis Presley,43ZHCT0cAZBISjO8DG9PnE,0.5029296235679215,0.4236805237315876,-13.064029459901802,0.058147135842880525,0.7255594435351882,0.058499795040916534,0.2093451718494272,0.6167803600654664,110.58381342062192,155265.49263502454,C major,4
Luísa Sonza,4PzYKhC14sTJNEr0dzoo0d,0.6343513513513513,0.6365675675675676,-6.431945945945946,0.09825135135135135,0.30305405405405406,0.025392614054054054,0.17205405405405405,0.5548108108108107,127.90545945945942,166030.67567567568,A minor,4.0
Olivia Rodrigo,1McMsnEElThX1knmY4oliG,0.5109259259259259,0.5184814814814814,-7.233740740740741,0.08923703703703703,0.44734370370370374,1.8366666666666665e-06,0.19914814814814813,0.41892222222222225,131.35662962962965,192494.92592592593,A major,4.0
BADBADNOTGOOD,65dGLGjkw3UbddUg2GKQoZ,0.4676666666666667,0.540162962962963,-10.462555555555557,0.08904814814814817,0.38775499814814823,0.541958649074074,0.1493537037037037,0.3514925925925926,121.75592592592591,256390.85185185185,A minor,4.0
Ryan Castro,7j6DKwmjbxvpQO8h914uEz,0.797125,0.6958749999999999,-5.8260000000000005,0.13600625,0.10557875,0.007995625,0.1271,0.80975,122.10568749999999,168698.6875,A major,4.0
Tame Impala,5INjqkS1o8h1imAzPqGZBb,0.48070833333333335,0.7656458333333335,-5.696729166666667,0.05221041666666667,0.15886783333333332,0.18104008937500002,0.21186249999999998,0.43864166666666665,128.68477083333332,267316.9166666667,C major,4
Roger Miller,1RP2UpEaRzkF0Id3JigqD8,0.5212077922077922,0.4317974025974026,-12.92274025974026,0.06027532467532467,0.7368287662337663,0.13065707337662338,0.17046233766233768,0.5956441558441558,113.37417532467532,161172.03246753247,D major,4
MC Kevin o Chris,2UMj7NCbuqy1yUZmiSYGjJ,0.7317647058823529,0.6760588235294118,-5.26064705882353,0.3748176470588235,0.47156470588235294,0.0027573752941176467,0.16948823529411763,0.7340588235294119,131.75870588235296,153609.64705882352,F minor,4
Dylan Scott,78YqeIji3mgAS2K1Maca6x,0.5412641509433963,0.6871320754716981,-6.115396226415095,0.04491132075471698,0.27927169811320757,1.363433962264151e-05,0.16408490566037737,0.4744905660377358,124.13324528301887,178159.2641509434,F major,4.0
The Beach Boys,3oDbviiivRWhXwIE8hxkVV,0.49861892583120204,0.44596726342710996,-12.145109974424551,0.08324219948849104,0.3810312992327366,0.12825895135549872,0.1843826086956522,0.550309462915601,120.51440920716112,153459.13299232736,C major,4
The Isley Brothers,53QzNeFpzAaXYnrDBbDrIp,0.6102701612903226,0.5982620967741936,-9.222016129032257,0.07021653225806451,0.42054996532258065,0.039068975241935484,0.19714233870967743,0.6744314516129033,120.37696370967741,265443.8830645161,A major,4
ERNEST,4GGfAshSkqoxpZdoaHm7ky,0.5296799999999999,0.65604,-6.0779000000000005,0.034345999999999995,0.32215756,0.0038803208,0.19593,0.5050999999999999,115.44403999999999,201737.28,F# major,4.0
Nickelback,6deZN1bslXzeGvOLaLMOIF,0.5307542372881356,0.8679237288135593,-5.154686440677965,0.06434237288135594,0.033788939576271194,0.03670760889830508,0.17576101694915255,0.5810084745762711,131.98475423728814,228310.84745762713,C major,4
Janelle Monáe,6ueGR6SWhUJfvEhqkvMsVs,0.5724411764705882,0.5594279411764704,-9.798558823529412,0.07667794117647059,0.3459536764705882,0.10570930235294118,0.24036323529411763,0.4355338235294117,120.22680882352941,207423.88235294117,F major,4
Luis Miguel,2nszmSgqreHSdJA3zWPyrW,0.4956971153846154,0.6361057692307692,-6.834086538461539,0.04645576923076923,0.3356197115384616,0.00037694625,0.17192019230769232,0.45258942307692307,121.4588221153846,217271.6298076923,C major,4.0
Sam Hunt,2kucQ9jQwuD8jWdtR9Ef38,0.5851363636363638,0.6494545454545454,-6.2441818181818185,0.055749999999999994,0.24289954545454542,1.0545454545454545e-07,0.19598181818181815,0.4686818181818182,123.815,211576.0,A major,4
Astrud Gilberto,5rX2c1zow6hCph8PnnU3kF,0.5242836879432624,0.3353404255319149,-15.750574468085107,0.042391489361702124,0.6431113475177305,0.06976832035460993,0.1802843971631206,0.5581418439716312,113.54855319148935,189573.6595744681,G major,4
Jhayco,6nVcHLIgY5pE2YCl8ubca1,0.7410256410256411,0.6843333333333333,-5.5715641025641025,0.10223076923076925,0.16326641025641028,0.0009559476923076924,0.15001025641025642,0.5175358974358976,117.94117948717951,226659.92307692306,E minor,4
Billie Eilish,6qqNVTkY8uBg9cP3Jd7DAH,0.6042333333333333,0.29873666666666665,-13.388933333333334,0.14289,0.6455133333333333,0.18640613600000003,0.19046666666666667,0.29736999999999997,107.39213333333332,198368.66666666666,C major,4.0
J. Cole,6l3HvQ5sa6mXTsMTB19rO5,0.6682790697674419,0.6124263565891472,-7.71122480620155,0.2814472868217055,0.27168139534883723,0.002132053798449612,0.21320775193798447,0.4111937984496124,113.45831782945736,228655.3488372093,C# major,4
Korn,3RNrq3jvMZxD9ZyoOZbQOD,0.48999009900990104,0.8676647772277227,-5.474668316831682,0.09560891089108912,0.022747880940594056,0.13651373836633662,0.25614009900990103,0.3536772277227723,118.27214851485148,241308.4603960396,D major,4
DaBaby,4r63FhuTkUYltbVAg5TQnk,0.7958160000000001,0.661888,-5.908768,0.2594343999999999,0.08779116,1.040312e-05,0.2007872,0.554408,129.131088,152566.92,C# major,4
Koe Wetzel,1Tie3AZgLQZqYEp8Fv4zOZ,0.5200483870967743,0.6250806451612905,-7.767112903225805,0.09106935483870966,0.19986895322580644,0.0013404779032258063,0.21884193548387096,0.3459870967741936,123.98132258064516,211435.46774193548,G major,4
Kodak Black,46SHBwWsqBkxI7EeeBEQG7,0.7372924901185772,0.6048300395256917,-6.841347826086956,0.25742687747035575,0.16605302371541503,0.00013597189723320156,0.16239762845849803,0.43712015810276683,130.10692094861662,193229.64031620554,C# major,4
Eric Church,2IvkS5MXK0vPGnwyJsrEyV,0.606977011494253,0.6293919540229885,-7.9834252873563205,0.04323448275862068,0.26821936781609196,0.01097673275862069,0.15877241379310345,0.6061149425287357,117.4721149425287,222836.66666666666,C major,4
Parker McCollum,0Z8XVUAOBPM4x12wKnFHEQ,0.5271086956521739,0.6946304347826089,-5.865804347826087,0.03394565217391304,0.11640696956521737,0.009733340217391305,0.1655478260869565,0.4604130434782609,121.28069565217393,224567.02173913043,G major,4
Linkin Park,6XyY86QOPPrYVGvF9ch6wz,0.5194666666666666,0.7769208333333334,-6.764966666666666,0.0898225,0.14930983583333332,0.133815371,0.2781825,0.4081166666666667,121.03429166666666,199665.91666666666,G major,4
João Gilberto,77ZUbcdoU5KCPHNUl8bgQy,0.5302753623188405,0.23759130434782608,-18.18755072463768,0.10711594202898551,0.8424202898550724,0.11448131717391305,0.40932463768115945,0.5324246376811594,115.47307246376812,198747.8260869565,D major,4
Bonobo,0cmWgDlu9CwTgxPhf403hb,0.5817804123711341,0.5410092783505155,-10.581567010309278,0.06157216494845361,0.37912463917525774,0.627542160515464,0.18423814432989694,0.3226268041237113,109.5494329896907,315647.5360824742,E minor,4
"Grover Washington, Jr.",05YVYeV4HxYp5rrWalvuE1,0.5679338235294118,0.44353602941176473,-13.234551470588235,0.06997058823529413,0.43537279411764707,0.2842800748529412,0.16301764705882354,0.5539323529411765,109.22548529411766,317143.54411764705,G major,4
Bobby Darin,0EodhzA6yW1bIdD5B4tcmJ,0.5197051282051283,0.35670427350427353,-14.244384615384615,0.062282051282051276,0.6662525641025641,0.01953085452991453,0.18425213675213672,0.5646226495726495,118.92048290598292,171889.83333333334,G major,4
Cardi B,4kYSro6naA4h99UJvo89HB,0.7663055555555556,0.5652499999999999,-8.412861111111111,0.3395222222222222,0.24127123888888885,0.006601104166666667,0.19809444444444443,0.4609999999999999,124.13272222222223,183524.33333333334,B minor,4.0
David Guetta,1Cs0zKBU1kc0i8ypK3B9ai,0.6495000000000002,0.7439074074074076,-5.542481481481481,0.07753981481481481,0.06703666944444445,0.13021547490740742,0.2123796296296296,0.4321074074074075,126.38243518518519,229011.7685185185,B minor,4
Loud Luxury,6t1gpxYbY8OlLA7D2RiikQ,0.7377142857142857,0.7715714285714286,-5.823571428571428,0.056242857142857136,0.05520285714285715,0.0008277471428571429,0.19242857142857142,0.461,124.27114285714286,168075.0,C# major,4
Dillon Francis,5R3Hr2cnCCjt220Jmt2xLf,0.692679012345679,0.8210493827160493,-4.453135802469136,0.09571728395061728,0.04367285185185185,0.1909654834567901,0.24407283950617284,0.4926024691358025,121.0104691358025,163023.3950617284,C major,4.0
Xzibit,4tujQJicOnuZRLiBFdp3Ou,0.669065693430657,0.7125109489051096,-6.698897810218979,0.33783065693430653,0.10860233430656932,0.018739412408759124,0.20595620437956205,0.5683445255474453,102.10228467153284,222702.598540146,C# major,4
Jon Batiste,0eRbECAGCLLiTyVXPBRexU,0.5204653465346535,0.40919207920792083,-12.241603960396036,0.08077227722772275,0.5735375544554455,0.3340650095049505,0.21889603960396042,0.43658712871287125,113.5019603960396,240544.0693069307,D major,4
El Alfa,2oQX8QiMXOyuqbcZEFsZfm,0.813725925925926,0.8305777777777776,-4.2523333333333335,0.13940518518518522,0.20388022222222218,0.09848400251851852,0.22612518518518523,0.5676222222222221,126.89757777777774,201571.01481481481,C# major,4
Dwele,7u6LfVyYpEzMpHLL7jTyvU,0.6610361445783132,0.4559638554216867,-10.311963855421688,0.20194939759036146,0.2810212048192771,0.01485883530120482,0.1706265060240964,0.5102734939759036,106.39885542168675,209663.80722891566,C# major,4
Zedd,2qxJFvFYMEDqd7ui6kSAcq,0.6156363636363638,0.8070909090909091,-4.715636363636364,0.045909090909090906,0.09141481818181818,0.06952191363636363,0.1404181818181818,0.27942727272727275,123.71781818181817,272763.36363636365,D minor,4
Skrillex,5he5w2lnU9x7JFhnwcekXX,0.6387777777777777,0.7734666666666666,-5.856222222222223,0.11649111111111109,0.14344657777777778,0.070281488,0.23268666666666668,0.3592644444444444,131.96113333333332,200094.22222222222,C# major,4
Prince,5a2EaR3hamoenG9rDuVn8j,0.6877189292543021,0.6089177820267686,-8.593290630975144,0.10654130019120459,0.2157865793499044,0.07010806022944552,0.19539273422562142,0.5735179732313576,116.23111089866157,272772.3040152964,C# major,4
Slipknot,05fG473iIaoy82BF1aGhL8,0.3992972972972973,0.9070945945945946,-4.617486486486486,0.11621486486486486,0.04099090135135135,0.09266085337837839,0.2668567567567567,0.28854864864864865,124.73654054054053,263639.1621621622,G major,4
"Tyler, The Creator",4V8LLVI7PbaPR0K2TGSxFF,0.5261370967741935,0.6503145161290322,-7.707483870967742,0.22813790322580646,0.19547101935483877,0.04117220524193549,0.3353693548387096,0.43541774193548394,109.07439516129031,229147.7016129032,C# major,4
Thundercat,4frXpPxQQZwbCu3eTGnZEw,0.5662096774193549,0.5924677419354838,-10.143209677419353,0.06966290322580644,0.41587134032258055,0.41197409032258064,0.17491612903225806,0.4184596774193549,112.63793548387096,160088.35483870967,C# major,4
Silk Sonic,6PvvGcCY2XtUcSRld1Wilr,0.6628000000000001,0.6117000000000001,-9.0738,0.05685,0.05347500000000001,5.9508999999999996e-05,0.23760999999999996,0.6604000000000001,116.02210000000002,218689.2,C# major,4.0
Rudimental,4WN5naL3ofxrVBgFpguzKo,0.6099718309859155,0.663549295774648,-7.369760563380282,0.07581830985915494,0.08536867605633801,0.06620161690140845,0.2094014084507042,0.42223943661971836,132.81016901408452,256048.5633802817,C# major,4
Gunna,2hlmm7s2ICUX0LVIhVFlZQ,0.7971170212765956,0.5468404255319148,-8.356936170212766,0.2452303191489362,0.15349477659574468,0.0009818287765957447,0.15189893617021274,0.4167803191489362,129.29830319148934,182899.46276595743,C# major,4
Warren Zeiders,7kplJl06UmldxLKseURAYi,0.5118809523809524,0.44889999999999997,-8.86745238095238,0.03915238095238095,0.3262517142857143,0.0006704057142857143,0.12870476190476193,0.3103666666666667,116.12923809523807,206169.35714285713,C# major,4
Mc Gw,0f1IECbrVV952unZkzrsg2,0.75175,0.705625,-5.34375,0.1071125,0.336225,0.0572533875,0.13725,0.47250000000000003,130.027125,148326.375,C# major,4
Armin van Buuren,0SfsnGyD8FpIN4U4WCkBZ5,0.5199524312896406,0.876107822410148,-7.488384778012684,0.06293805496828751,0.03207125835095137,0.5064417879492601,0.2713792811839323,0.32646532769556025,132.08241649048625,188616.67441860464,B minor,4.0
Lady Gaga,1HY2Jd0NmPuamShAr6KMms,0.5782119318181818,0.6400982954545454,-6.629602272727272,0.056170454545454544,0.27387356761363635,0.06002832971590908,0.25967670454545455,0.4668005681818182,118.28723863636361,211505.38068181818,C major,4
MC PH,4PLdCloYxu2bMKfuuB9lI5,0.6887272727272726,0.6619818181818181,-5.330509090909091,0.10629272727272727,0.47925272727272733,0.0006655154545454545,0.2139490909090909,0.5938363636363635,118.861,210443.12727272726,E minor,4
Childish Gambino,73sIBHcqh3Z3NyqHKZ7FOL,0.5739333333333333,0.5547933333333334,-9.79583333333333,0.14203833333333332,0.24917388333333335,0.09871787833333334,0.2065483333333333,0.3849083333333334,116.53196666666668,245199.18333333332,G major,4
Limp Bizkit,165ZgPlLkK7bf5bDoFc6Sb,0.5108026315789472,0.8124736842105263,-5.441631578947369,0.1576,0.07949590657894737,0.0706276255263158,0.23242500000000002,0.40091447368421046,114.42640789473685,242940.30263157896,F# major,4
Hoobastank,2MqhkhX4npxDZ62ObR5ELO,0.4748571428571429,0.8496507936507938,-4.693841269841269,0.058304761904761894,0.039173680952380954,0.0012913515873015874,0.19315396825396827,0.4300984126984127,137.8177619047619,223692.82539682538,D minor,4
Enrique Iglesias,7qG3b048QCHVRO5Pv1T5lw,0.6299256198347107,0.7021570247933884,-5.794611570247934,0.04477851239669421,0.24593380165289255,0.00027185752066115706,0.14514297520661157,0.5204867768595041,117.69372727272726,230691.0743801653,G major,4
Tom Misch,1uiEZYehlNivdK3iQyAbye,0.6789821428571428,0.4471071428571429,-9.126875,0.10362142857142856,0.355616625,0.5337188946428572,0.13063392857142858,0.3881071428571428,113.48066071428572,206740.92857142858,D major,4
Jax Jones,4Q6nIcaBED8qUel8bBx6Cr,0.763,0.7723333333333332,-5.4035714285714285,0.09315238095238094,0.12503095238095238,0.02924369666666667,0.1472095238095238,0.6465714285714285,119.96019047619049,191910.66666666666,B minor,4
Jon Pardi,4MoAOfV4ROWofLG3a3hhBN,0.5770675675675676,0.7367837837837837,-4.951432432432433,0.03984189189189189,0.11191986486486485,7.93837837837838e-06,0.20301891891891896,0.630418918918919,127.93760810810811,206681.22972972973,A major,4
Tate McRae,45dkTj5sMRSjrmBSBeiHym,0.6345925925925926,0.5438148148148149,-7.0263333333333335,0.09373703703703705,0.38697777777777775,0.03515809666666666,0.13268888888888888,0.40314814814814814,118.04729629629631,167072.40740740742,F major,4
Florida Georgia Line,3b8QkneNDz4JHKKKlLgYZg,0.5177397260273972,0.8294109589041097,-4.339753424657535,0.043552054794520546,0.18807556164383563,0.012519852739726027,0.2046835616438356,0.594313698630137,137.45068493150686,194633.8219178082,F# major,4
Sebastian Yatra,07YUOmWljBTXwIseAUd9TW,0.6237021276595744,0.6271702127659574,-5.562148936170213,0.06981702127659575,0.2774376595744681,2.591914893617021e-06,0.15103404255319153,0.5400212765957446,126.60980851063832,198975.87234042553,C major,4
Tammi Terrell,75jNCko3SnEMI5gwGqrbb8,0.6084489795918366,0.536408163265306,-10.092061224489795,0.03853877551020408,0.20112061224489797,0.0010165481632653062,0.1562816326530612,0.7113469387755103,118.4035918367347,168510.73469387754,A# major,4.0
Marshmello,64KEffDW9EtZ1y2vBYgq8T,0.6486727272727273,0.8507454545454545,-3.7364909090909095,0.07115636363636363,0.029984614545454542,0.2714574867272727,0.21375090909090916,0.48147636363636365,134.18963636363634,185388.07272727272,C# major,4
Lenny Tavárez,1pQWsZQehhS4wavwh7Fnxd,0.7466923076923078,0.6961538461538461,-4.657076923076923,0.15555384615384618,0.22009615384615383,0.0012546015384615383,0.2291076923076923,0.6604615384615383,136.25803846153846,215511.03846153847,A major,4.0
Tainy,0GM7qgcRCORpGnfcN2tCiB,0.7086161616161617,0.7006464646464649,-5.973484848484849,0.11152828282828284,0.1996509494949495,0.16374389191919195,0.22791414141414146,0.5501919191919192,115.20132323232322,186448.51515151514,A minor,4.0
Justin Timberlake,31TPClRtHm23RisEBtV3X7,0.545942735042735,0.4602960683760684,-12.515367521367521,0.07465299145299145,0.4188167521367521,0.23341631940170937,0.19471452991452992,0.4186700854700855,107.01382905982905,263599.73504273506,C# major,4.0
The Neighbourhood,77SW9BnxLY8rJ0RciFqkHh,0.5246842105263159,0.6454605263157894,-7.916013157894738,0.08041973684210527,0.17197619078947365,0.14263727460526315,0.23153421052631576,0.3469539473684211,114.10453947368421,217164.1447368421,F minor,4
Kenny Chesney,3grHWM9bx2E9vwJCdlRv9O,0.6051822429906542,0.5916028037383178,-8.069168224299064,0.0394911214953271,0.2754456495327103,0.0025841777570093463,0.15851074766355142,0.4898116822429907,124.16288785046727,232951.7570093458,G major,4
Zac Brown Band,6yJCxee7QumYr820xdIsjo,0.5954175824175825,0.6612296703296703,-6.095824175824176,0.04337472527472527,0.22114928571428574,0.0009022071428571429,0.14676373626373626,0.5524615384615386,130.68345054945055,233176.8791208791,F# major,4
Mac DeMarco,3Sz7ZnJQBIHsXLUSo0OQtM,0.7045135542168675,0.35533569277108434,-14.590524096385542,0.09301355421686748,0.519825125,0.6191984555722891,0.14316355421686747,0.6466234939759036,119.06217168674699,164551.3825301205,C# major,4.0
FKJ,2FwDTncULUnmANIh7qKa5z,0.53996,0.437124,-10.184239999999999,0.05457599999999999,0.638948,0.481553648,0.11657999999999999,0.281548,119.70044,222904.88,A# minor,4
Zach Bryan,40ZNYROS4zLfyyBSs2PGe2,0.5356578947368421,0.36150921052631574,-9.00228947368421,0.05021052631578947,0.6065623684210527,0.00030701592105263157,0.1594039473684211,0.3495236842105263,105.49025000000002,207512.13157894736,C major,4
Moneybagg Yo,3tJoFztHeIJkJWMrx0td2f,0.7623566878980892,0.6547579617834395,-6.183882165605096,0.2605767515923567,0.12012503184713376,4.5941305732484074e-05,0.18657611464968152,0.46303152866242037,135.25378343949043,173822.3535031847,C# major,4
Deftones,6Ghvu1VvMGScGpOUJBAHNH,0.33975,0.8097067413043476,-5.512543478260869,0.08331847826086956,0.020532569782608694,0.36943413804347836,0.22330217391304344,0.27414565217391307,122.54455434782611,282930.48913043475,A# major,4.0
Maluma,1r4hJ1h58CWwUQe3MxPuau,0.7310428571428572,0.7110142857142857,-4.71415,0.13664071428571428,0.2580905714285714,0.006307436714285714,0.18438500000000002,0.6945428571428571,121.6980142857143,194528.2142857143,C# minor,4
Nat King Cole,7v4imS0moSyGdXyLgVTIV7,0.4080835214446953,0.31508600451467267,-12.395498871331828,0.051497742663656886,0.7536661399548533,0.02139141902934537,0.20117990970654628,0.41688803611738146,105.81074040632055,166114.4717832957,C major,4
Dei V,2YRyPiW98bpkARAS4B3OQP,0.7383333333333333,0.654,-5.593333333333334,0.20622222222222225,0.1928,1.7433333333333333e-06,0.1481222222222222,0.5745555555555556,107.71100000000001,193042.66666666666,G minor,4
Lil Durk,3hcs9uc56yIGFCSy9leWe7,0.7082540983606558,0.6123606557377049,-7.34142349726776,0.22859371584699453,0.0921652693989071,0.00010106319672131146,0.18747841530054643,0.38177650273224045,133.02182513661202,185306.58469945355,C# major,4
Doja Cat,5cj0lLjcoR7YOSnhnX0Po5,0.741391304347826,0.6341884057971013,-6.03195652173913,0.14294927536231886,0.19828197101449277,0.007488002173913043,0.1420463768115942,0.513536231884058,123.99075362318843,196710.01449275363,C# major,4
Cheat Codes,7DMveApC7UnC2NPfPvlHSU,0.6337187499999999,0.7400625,-5.309859375,0.060967187500000006,0.09020375,0.0030623693750000004,0.16033906250000002,0.49203125000000003,122.03625,177655.9375,F major,4.0
Imagine Dragons,53XhwfbYqKCa1cC15pYq2q,0.545290909090909,0.6716363636363638,-6.200136363636363,0.055865454545454545,0.1187228,0.008258297727272728,0.1713727272727273,0.39874545454545457,122.44334545454544,215949.32727272727,C major,4
Riley Green,2QMsj4XJ7ne2hojxt6v5eb,0.51378,0.67914,-5.73208,0.031396,0.0492918,2.35132e-05,0.14592,0.5253,137.60098000000002,206841.12,F# major,4
Anderson .Paak,3jK9MiCrA42lLAdMGUZpwa,0.6109690721649484,0.6836082474226804,-7.935649484536083,0.1868237113402062,0.1759962989690722,0.0361249187628866,0.26835463917525776,0.5749412371134021,109.65598969072167,192667.30927835053,C# major,4
Elton John,3PhoLpVuITZKcymswpck5b,0.566044502617801,0.5857397905759163,-9.783746073298428,0.037596073298429324,0.3094685790575916,0.061853275340314144,0.16043167539267017,0.5251725130890053,122.59472513089007,271241.6937172775,C major,4
Thomas Rhett,6x2LnllRG5uGarZMsD4iO8,0.5637610619469027,0.6968230088495575,-6.093893805309734,0.03899203539823009,0.08459310619469028,6.715982300884956e-05,0.1473522123893805,0.5971150442477875,115.9224867256637,193232.23008849556,G major,4
Hippie Sabotage,4dM6NDYSfLcspt8GLoT5aE,0.5776524390243903,0.5614634146341464,-9.826591463414635,0.08560060975609755,0.24600799573170726,0.49786211451219503,0.23216951219512197,0.30392987804878047,123.85184146341462,200465.7743902439,C# minor,4
Caravan Palace,37J1PlAkhRK7yrZUtqaUpQ,0.6895555555555555,0.7671904761904762,-5.919968253968255,0.09573650793650793,0.334469380952381,0.2734891350793651,0.22381904761904758,0.6139523809523812,117.06882539682537,213489.73015873015,C# major,4
Pink Sweat$,1W7FNibLa0O0b572tB2w7t,0.6727600000000001,0.44789999999999996,-8.423800000000002,0.0636,0.4677232,0.0011316236,0.120948,0.478256,112.87428,167122.44,C major,4.0
Robert Glasper,5cM1PvItlR21WUyBnsdMcn,0.5523650190114068,0.4983679809885931,-11.05787452471483,0.10080570342205325,0.38730451330798477,0.3941840726235742,0.1424212927756654,0.39045513307984786,111.53417110266159,240233.7908745247,F minor,4
Billie Holiday,1YzCsTRb22dQkh9lghPIrp,0.531180055401662,0.198604432132964,-14.978163434903047,0.12877423822714681,0.896404432132964,0.05414738490304709,0.2625531855955679,0.4115614958448753,105.42424653739614,189895.24376731302,G# major,4
Talking Heads,2x9SpqnPi8rlE9pjHBwmSC,0.6943061224489796,0.5520816326530612,-13.743448979591836,0.048661224489795915,0.16102897959183674,0.18308308408163268,0.1599204081632653,0.7851571428571428,121.08426530612245,251983.0612244898,D major,4
Luke Combs,718COspgdWOnwOFpJHRZHS,0.5436142857142858,0.7262714285714287,-5.4806,0.03909142857142857,0.14461927142857145,3.229842857142858e-05,0.19268999999999997,0.5057571428571428,127.27314285714287,212879.9,F# major,4
George Benson,4N8BwYTEC6XqykGvXXlmfv,0.6009695652173913,0.4520469565217391,-12.633304347826089,0.04341608695652173,0.5450169565217392,0.26595321299999997,0.1492017391304348,0.5639634782608695,109.18735652173912,279483.14347826084,C# major,4
311,41Q0HrwWBtuUkJc7C1Rp6K,0.5849141414141414,0.8041666666666668,-7.612171717171716,0.06804898989898989,0.04261052535353535,0.07249501707070707,0.2095828282828283,0.5812767676767676,132.74765656565657,204104.90404040404,A major,4
The Jackson 5,2iE18Oxc8YSumAU232n4rW,0.5541271186440678,0.6912542372881357,-8.739822033898305,0.05939491525423729,0.30535953389830517,0.013219068305084746,0.23426949152542376,0.7454152542372883,122.82389830508474,205322.51694915254,C major,4
MC GP,5s27i7oqhNWIcE4HeoVdq0,0.6943461538461538,0.5038846153846154,-7.471153846153848,0.3446153846153846,0.3617961538461539,3.2961538461538457e-07,0.14115769230769232,0.5175653846153845,121.33546153846153,209514.11538461538,B minor,4.0
Bob Dylan,74ASZWbe4lXaubB36ztrGX,0.5244760147601475,0.43305369003690036,-11.8085,0.04334114391143912,0.5806513012915129,0.03319494114391144,0.1579267527675277,0.5319254612546126,118.6420479704797,238964.76383763837,C major,4
Stan Getz,0FMucZsEnCxs5pqBjHjIc8,0.48921189591078074,0.2835068587360595,-15.158691449814125,0.054208921933085505,0.8574721189591078,0.3611804846468401,0.21481245353159853,0.4952503717472119,115.16198698884759,283159.5464684015,G# major,4
Old Dominion,6y8XlgIV8BLlIg1tT1R10i,0.609942857142857,0.7278142857142859,-5.686728571428572,0.04678714285714286,0.22426348571428575,8.78107142857143e-05,0.16678285714285715,0.6258857142857145,118.0598285714286,191971.6857142857,G major,4.0
Adele,4dpARuHxo51G3z768sgnrY,0.5537391304347826,0.4773695652173912,-7.254478260869566,0.05655217391304348,0.5104015217391303,0.0002949513043478261,0.13163695652173918,0.3649847826086956,121.45658695652173,258860.3260869565,C major,4
Avicii,1vCWHaC5f2uS3yhpwWbIA6,0.6058837209302325,0.6933953488372093,-5.549209302325581,0.06825581395348837,0.12361079069767442,0.06135890906976744,0.17381627906976743,0.4493976744186047,120.48788372093021,249725.93023255814,A major,4
Willie Nelson,5W5bDNCqJ1jbCgTxDD0Cb3,0.557525179856115,0.35608301130524145,-12.608018499486127,0.042550462487153135,0.6330612949640289,0.03809261663926002,0.17136012332990752,0.4794286742034944,112.50800924974307,191022.60123329906,D major,4
Snoh Aalegra,1A9o3Ljt67pFZ89YtPPL5X,0.5687200000000001,0.45535999999999993,-9.762680000000001,0.108258,0.483192,0.0506663836,0.16631599999999996,0.4112420000000001,123.74358000000002,182718.04,C major,4
Daft Punk,4tZwfgrHOc3mvqYlEYSvVi,0.5833290076335877,0.5565526717557252,-11.846259541984734,0.12365190839694656,0.2974835326717557,0.5406884142748091,0.22429770992366413,0.37438396946564884,116.9623969465649,299136.80152671755,A minor,4.0
Bryant Myers,6w9ToX5slZ4uIdmD17hJ3c,0.7129545454545455,0.6384772727272726,-6.6064090909090885,0.17467727272727274,0.22719272727272727,1.01325e-05,0.186825,0.5125454545454545,123.74499999999999,227189.11363636365,C# major,4
Feid,2LRoIwlKmHjgvigdNGBHNo,0.7396935483870969,0.629774193548387,-5.980185483870967,0.15776129032258063,0.22096290322580645,0.00287304879032258,0.15508467741935483,0.5831637096774194,126.84925000000001,166803.98387096773,F minor,4
Disclosure,6nS5roXSAGhTGr34W6n7Et,0.7042696629213483,0.7590674157303371,-7.500977528089887,0.13616741573033708,0.08616276741573033,0.2662419635955056,0.17998651685393258,0.5402808988764044,126.37485393258429,263963.69662921346,A# minor,4.0
Martin Garrix,60d24wfXkVzDSfLS6hyCjZ,0.6100434782608696,0.7351739130434782,-5.506260869565217,0.09714782608695653,0.15234965217391302,0.16668711086956525,0.2522521739130435,0.40278260869565224,133.8888260869565,179537.39130434784,F# minor,4
Benson Boone,22wbnEMDvgVIAGdFeek6ET,0.44139999999999996,0.5188666666666667,-6.511466666666666,0.05689333333333334,0.30933933333333336,1.0333333333333333e-06,0.12368000000000003,0.297,119.91066666666666,197069.86666666667,C major,4
Nirvana,6olE6TJLqED3rqDCT0FyPh,0.404484375,0.7950546875,-7.8651796874999995,0.0645453125,0.06537807734375001,0.14899765421875,0.1703265625,0.43478125,136.24771093750002,213251.078125,B minor,4.0
2Pac,1ZwdS5xdxEREPySFridCfh,0.7688826815642458,0.7141983240223464,-7.101452513966479,0.23147653631284917,0.12759025139664806,0.0064730616201117315,0.21283575418994413,0.6248100558659219,106.94703351955307,253781.687150838,C# major,4
Leon Bridges,3qnGvpP8Yth1AqSBMqON5x,0.6375945945945947,0.5050810810810812,-8.103702702702702,0.06810540540540541,0.3980567567567568,0.021507542432432435,0.13892702702702703,0.5163,114.64843243243244,200699.8108108108,C# minor,4.0
MEDUZA,0xRXCcSX89eobfrshSVdyu,0.62225,0.7586666666666666,-6.745,0.05580000000000001,0.05309083333333334,0.21906633416666665,0.28081666666666666,0.42841666666666667,125.84949999999999,162716.25,A major,4.0
Daddy Yankee,4VMYDCV2IEDYJArk749S6m,0.7251839622641508,0.7932028301886792,-6.051971698113208,0.1502122641509434,0.1928856603773585,0.040737273915094345,0.25914716981132074,0.6644976415094339,112.6181886792453,182449.31132075473,G major,4
Dominic Fike,6USv9qhCn6zfxlBQIYJ9qs,0.6665945945945945,0.5908648648648649,-6.413891891891892,0.09898378378378378,0.431262972972973,0.04467083891891892,0.17883243243243246,0.5219081081081083,116.73983783783783,147896.86486486485,C major,4.0
Myke Towers,7iK8PXO48WeuP03g8YR51W,0.7546666666666667,0.6802291666666666,-5.461197916666667,0.17724062499999996,0.2684078125,0.012082569479166668,0.16366666666666668,0.519840625,125.05287500000001,187329.61458333334,C# major,4
Ice Cube,3Mcii5XWf6E0lrY3Uky4cA,0.7467288888888889,0.7332,-7.042542222222223,0.29221244444444444,0.11415211111111111,0.02476042822222222,0.275604,0.5783462222222223,108.03111111111112,214489.45777777777,C# major,4
Becky G,4obzFoKoKRHIphyHzJ35G3,0.7338604651162791,0.6680697674418604,-4.769511627906978,0.12397209302325582,0.2751674418604651,0.004217613255813954,0.14527441860465112,0.618139534883721,120.94411627906979,189406.83720930232,A major,4.0
Snoop Dogg,7hJcb9fa4alzcOq3EaNPoG,0.6761977611940299,0.7053246268656717,-6.00691604477612,0.24884608208955228,0.17003749179104477,0.021775331604477612,0.24200839552238806,0.5601854477611939,105.723723880597,231553.7444029851,C# major,4
Tulus,2iDVt6mFbtbDEZG5ax0dTi,0.58171875,0.44940625,-8.73775,0.039240625,0.6349374999999999,0.0003375421875,0.12789062499999998,0.53296875,106.32231250000001,215218.53125,G major,4
Roberta Flack,0W498bDDNlJIrYMKXdpLHA,0.5554383561643835,0.4045004109589041,-11.27958904109589,0.04009589041095891,0.4752575342465754,0.03106713383561644,0.13841917808219178,0.4182,119.3937123287671,279522.5479452055,G# major,4
Metallica,2ye2Wgw4gimLv2eAKyk1NB,0.3754117424242424,0.8258454545454545,-8.116433712121212,0.08920132575757576,0.08088550590909091,0.3673000284659091,0.29635852272727276,0.39219659090909087,124.43911931818184,325280.49053030304,E minor,4
Quevedo,52iwsT98xCoGgiGntTiR7K,0.6754666666666668,0.7002666666666665,-4.836666666666667,0.09302,0.31588000000000005,0.008613281333333332,0.1682066666666667,0.48578,120.87313333333333,186746.0,F# major,4
Fall Out Boy,4UXqAaa6dQYAk18Lv7PEgX,0.5019292035398231,0.8872654867256639,-4.136477876106194,0.08832300884955752,0.03629591504424779,0.004806355840707965,0.2780566371681416,0.5207920353982302,137.08509734513277,209075.8053097345,D major,4
Katy Perry,6jJ0s89eD6GaHleKKya26X,0.6282638888888888,0.7114027777777778,-5.370152777777777,0.060736111111111116,0.11399839583333334,3.063625e-05,0.15781805555555556,0.4979638888888889,125.24670833333332,220879.30555555556,C major,4.0
Bailey Zimmerman,3win9vGIxFfBRag9S63wwf,0.502,0.6669375,-6.759375,0.03124375,0.40878749999999997,6.6625e-07,0.137325,0.48706249999999995,140.2801875,198202.125,F major,4
The Cinematic Orchestra,32ogthv0BdaSMPml02X9YB,0.3607348484848485,0.30352151515151515,-14.937621212121215,0.04618333333333333,0.5690120757575757,0.652498106060606,0.14893787878787876,0.15900454545454545,111.74156060606062,353060.07575757575,G major,4
Calvin Harris,7CajNmpbOovFoOoasH2HaY,0.6810128205128205,0.7433299999999999,-5.404602564102565,0.06503717948717949,0.20770724230769233,0.2064371403846154,0.22354743589743586,0.6245948717948717,116.46601282051282,217773.33333333334,A minor,4
Natalie Cole,5tTsrGPwQRWUsHR2Xf7Ke9,0.5344703389830509,0.4282864406779661,-10.80053813559322,0.048344491525423736,0.5598164830508475,0.0024297700423728816,0.18853940677966102,0.4558817796610169,117.98701694915253,240924.24576271186,C major,4
Mc Don Juan,7Lmrb6KcIzfkmgbtokjsAL,0.8162857142857144,0.5151428571428572,-6.404714285714285,0.22875714285714285,0.2772142857142857,2.9285714285714287e-06,0.17927142857142855,0.587,117.50485714285716,287417.0,C# minor,4
Fred again..,4oLeXFyACqeem2VImYeBFe,0.5599788732394367,0.5642502816901409,-11.767211267605635,0.11649014084507041,0.43672615492957756,0.25514622605633797,0.24188873239436615,0.2679971830985916,118.49070422535212,207116.1690140845,C major,4.0
Morgan Wallen,4oUHIQIBe0LHzYfvXNW4QM,0.5548172043010753,0.7583763440860215,-5.145870967741936,0.03369032258064516,0.2327716989247312,0.00042415537634408606,0.15924301075268818,0.549,128.83151612903225,196668.1935483871,F# major,4
Queen,1dfeR4HaWDbWqFHLkxsg1d,0.44384210526315787,0.6072631578947367,-9.927473684210527,0.06263684210526316,0.2648631578947369,0.044942042105263154,0.1753473684210526,0.4019842105263158,117.75215789473685,229011.2105263158,A major,4.0
Pitbull,0TnOYISbd1XYRBk9myaseg,0.7195201793721971,0.7012613901345293,-6.471789237668161,0.1810663677130045,0.1535255964125561,0.060768078026905835,0.22826143497757853,0.5903412556053811,118.40232286995516,198381.67713004485,C# major,4
Coldplay,4gzpq5DPGxSnKTe4SA8HAU,0.4267648648648648,0.5345216216216216,-9.800855855855858,0.040099099099099096,0.32996072972972973,0.24541536972972972,0.200736936936937,0.23762252252252253,128.11774774774776,238444.45945945947,A# major,4.0
Ariana Grande,66CXWjxzNUsdJxJ2JdwvnR,0.6342830188679246,0.596122641509434,-6.1267075471698105,0.08915188679245284,0.2719308490566038,0.0005327990566037736,0.16818396226415092,0.4456943396226416,114.06185849056604,199071.9245283019,C major,4
Jordan Davis,77kULmXAQ6vWer7IIHdGzI,0.5762777777777779,0.7108055555555555,-5.906638888888889,0.04038055555555556,0.2713527777777778,0.004265216666666666,0.1792222222222222,0.5220555555555556,126.87349999999999,183913.22222222222,E major,4
Rihanna,5pKCCKE2ajJHZ9KAiaK11H,0.6030849673202615,0.6263529411764706,-6.27524183006536,0.08413856209150328,0.19400907189542485,0.006841459281045751,0.16702745098039215,0.45150457516339865,120.58060130718954,222133.26797385621,C# major,4
Gorillaz,3AA28KZvwAUcZuOKwyblJQ,0.6050615384615383,0.6578615384615384,-8.114161538461538,0.08246153846153845,0.19619485384615384,0.22465954730769233,0.2578192307692308,0.523323076923077,116.37602307692308,222297.3076923077,C major,4.0
Dr. Dre,6DPYiyq5kWVQS4RGwxzPC7,0.6772115384615383,0.8134423076923079,-3.9297115384615386,0.30043653846153845,0.13155753846153845,8.022826923076923e-05,0.27477115384615386,0.5842826923076923,99.00553846153845,215371.46153846153,B minor,4
George Strait,5vngPClqofybhPERIqQMYd,0.5933887323943662,0.5020366197183099,-10.468422535211268,0.032269577464788736,0.39576,0.004826971661971831,0.17019014084507042,0.5431095774647887,122.09857746478875,192886.71830985916,D major,4
Bryan Martin,0ChjBYedhZTQnWZWQYg15U,0.5673461538461539,0.5945384615384616,-6.663730769230769,0.03641538461538461,0.20758038461538464,0.001712673846153846,0.13565,0.467423076923077,110.7635,200991.57692307694,C# major,4
Upchurch,2pSObt5Fk8izuX8ZfI3jRn,0.7008007812499999,0.6760445312500001,-7.25233984375,0.11791328125,0.163479828125,0.00038566765625,0.211847265625,0.440758203125,133.50299609375003,186653.21875,C# major,4
Lil Baby,5f7VJjfbwm532GiveGC0ZK,0.7327834394904459,0.5699808917197452,-7.148611464968154,0.2751942675159236,0.07233810191082803,1.5088407643312101e-05,0.1479267515923567,0.3536821656050956,126.79716560509553,186297.24840764332,C# major,4
Felix Jaehn,4bL2B6hmLlMWnUEZnorEtG,0.7110857142857143,0.7687999999999999,-5.079342857142857,0.07949714285714286,0.13882554285714285,0.030417895428571422,0.15686571428571428,0.5059085714285715,120.0084,175886.65714285715,D major,4
Don Toliver,4Gso3d4CscCijv0lmajZWs,0.6796065573770491,0.5948524590163936,-6.305950819672132,0.0999639344262295,0.2705263934426229,0.011415576393442624,0.19034754098360657,0.40941475409836064,126.8745573770492,188188.88524590165,C# minor,4
BigXthaPlug,6qxpnaukVayrQn6ViNvu9I,0.8650416666666666,0.6355,-7.733999999999999,0.29726250000000004,0.04594,0.0003540841666666667,0.21730833333333333,0.5156416666666667,124.22995833333333,145770.16666666666,A major,4
Madonna,6tbjWDEIzxoDsBA1FuhfPW,0.6530204778156997,0.631153242320819,-8.57217747440273,0.06681433447098976,0.2223185986348123,0.07672258894197953,0.17903617747440276,0.5097542662116041,121.39300682593856,265079.51877133106,G major,4
Kanye West,5K4W6rqBFWDnAN6FQUkS6x,0.5932929292929293,0.5938313131313132,-6.9961767676767685,0.2221449494949495,0.25538246464646464,0.02115204398989899,0.2579459595959596,0.41950202020202015,113.72010101010102,226020.5606060606,C# major,4
Tim McGraw,6roFdX1y5BYSbp60OTJWMd,0.5234693140794224,0.6808808664259928,-6.700151624548736,0.034171480144404326,0.24947415162454872,0.001315251119133574,0.165514440433213,0.49581588447653435,126.13167870036101,233678.4440433213,G major,4
Finger Eleven,0niJkG4tKkne3zwr7I8n9n,0.45030769230769235,0.8388205128205127,-5.294102564102565,0.05932948717948717,0.06812751756410257,0.027578893717948718,0.2015282051282051,0.4785256410256409,141.1859102564103,225011.46153846153,C major,4.0
Tyler Childers,13ZEDW6vyBF12HYcZRr4EV,0.4627636363636363,0.42925454545454544,-9.448763636363635,0.03859272727272727,0.6984909090909092,0.056142386727272724,0.25648545454545457,0.5327963636363635,130.53318181818184,223490.29090909092,G major,4
Sech,77ziqFxp5gaInVrF2lj4ht,0.7089239130434785,0.6990760869565217,-4.611934782608697,0.13796086956521741,0.24613369565217397,0.0012334961956521739,0.2002043478260869,0.6675434782608695,126.18277173913046,192821.83695652173,C major,4
System Of A Down,5eAWCfyUhZtHHtBdNk56l1,0.4094313725490196,0.8982352941176469,-3.2442941176470583,0.07176666666666666,0.05984654705882353,0.070164638627451,0.22910980392156863,0.45883333333333337,132.23741176470585,183998.60784313726,C major,4.0
Dolly Parton,32vWCbZh0xZ4o9gkz4PsEU,0.5523605839416059,0.423310802919708,-11.002935766423358,0.0434429197080292,0.5710083357664234,0.0016405655328467152,0.17885109489051093,0.5590519708029197,116.96802335766422,188814.39854014598,C major,4
Omar Apollo,5FxD8fkQZ6KcsSYupDVoSO,0.6485681818181818,0.4686022727272727,-8.734636363636364,0.08993409090909091,0.4821988636363636,0.046128912045454544,0.16078636363636362,0.5123409090909091,118.99011363636363,166029.1590909091,C major,4
The Lumineers,16oZKvXb6WkQlVAjwo2Wbg,0.5710000000000001,0.4244375,-9.51009375,0.034331249999999994,0.680234375,0.050999772500000005,0.1542234375,0.32173125,118.340546875,209146.78125,C major,4.0
Prince Royce,3MHaV05u0io8fQbZ2XPtlC,0.713967032967033,0.6911978021978022,-5.718263736263737,0.06897802197802197,0.3157196703296703,0.00018646054945054943,0.17216263736263737,0.7269340659340658,124.24251648351648,215074.010989011,C major,4
J Balvin,1vyhD5VmyZ7KMfW5gqLgo5,0.7307215686274512,0.7067549019607843,-5.895774509803921,0.13231862745098036,0.19096549019607842,0.019649204313725493,0.17842745098039217,0.6856019607843137,128.42376470588235,211498.48039215687,C# major,4
KAROL G,790FomKkXshlbRYZFtlgla,0.771514705882353,0.6996323529411764,-4.737117647058824,0.14073529411764707,0.3032833823529412,0.00030074529411764717,0.1599852941176471,0.6126470588235292,123.58822058823529,195075.2794117647,C# minor,4
Harry Styles,6KImCVD70vtIoJWnq6nGn3,0.5721142857142857,0.577,-6.687685714285714,0.042297142857142846,0.34990299999999996,0.020209348285714284,0.14773714285714287,0.4780942857142857,121.82082857142855,221331.08571428573,C major,4
Cleo Sol,3ETLPQkcEd7z4k3IbZmXMq,0.5584047619047618,0.3105261904761905,-11.655357142857143,0.06085714285714286,0.6885952380952381,0.18337974714285715,0.11498333333333333,0.41595952380952383,113.83550000000001,253278.5,C# major,4
Paramore,74XFHRwlV6OrjEM0A2NCMF,0.5498255813953489,0.7601744186046512,-5.850558139534883,0.05292325581395347,0.10992931674418605,0.04292386523255814,0.16520581395348838,0.5132906976744186,133.9747558139535,221169.87209302327,C major,4
Kendrick Lamar,2YZyLoL8N0Wb9xBt1NhZWg,0.6384065934065934,0.6477472527472529,-7.641945054945056,0.27840549450549446,0.31400496703296704,0.0023574468131868135,0.2336901098901099,0.47160439560439565,119.9385164835165,247283.3076923077,C# major,4
MC Ryan SP,75i9GaW2MJUgt4BkdUnuUY,0.7081428571428572,0.5767619047619048,-5.860333333333333,0.2505714285714285,0.4198571428571429,5.992761904761906e-05,0.17914285714285713,0.6530952380952382,121.28580952380955,255818.57142857142,D# minor,4.0
ZHU,28j8lBWDdDSHSSt5oPlsX2,0.7173611111111111,0.6200694444444443,-6.507250000000001,0.08729444444444444,0.1371936111111111,0.1697757522222222,0.159825,0.2511236111111111,120.06533333333336,243041.43055555556,B minor,4
Steve Aoki,77AiFEVeAVj2ORpC85QVJs,0.6085649717514124,0.8498700564971753,-4.416214689265536,0.09091864406779661,0.05283128474576271,0.18114345966101694,0.2098152542372881,0.3733310734463276,130.06878531073446,199572.30508474575,C# major,4
Luke Bryan,0BvkDsjIUla7X0k6CSWh1I,0.5635461538461538,0.7983461538461539,-4.471761538461539,0.04743,0.14133515384615386,0.0016079100769230768,0.15279846153846152,0.5864307692307692,132.70817692307693,213737.16923076924,G major,4
Diplo,5fMUXHkw8R8eOP2RNVYEZX,0.6222597014925373,0.7414104477611939,-6.350805970149253,0.09045074626865672,0.15222390223880597,0.18877304768656716,0.18772761194029852,0.42174402985074627,125.90099253731343,206552.276119403,G major,4
Blake Shelton,1UTPBmNbXNTittyMJrNkvw,0.5776689189189189,0.6895675675675677,-6.0277432432432425,0.03530067567567567,0.20541885135135135,0.0007090889864864864,0.1820445945945946,0.5397500000000001,123.25561486486485,207833.8108108108,C major,4
Maná,7okwEbXzyT2VffBmyQBWLz,0.6231190476190476,0.8122142857142857,-4.840440476190476,0.036849999999999994,0.14957829761904762,0.00409075880952381,0.12836190476190476,0.6581309523809524,129.4054404761905,281265.1666666667,D major,4
Amy Winehouse,6Q192DXotxtaysaqNPy5yR,0.5803499999999999,0.5434650000000001,-9.0606,0.09244999999999999,0.350215,0.183715135,0.167985,0.37742,114.6292,249631.6,A minor,4.0
Anuel AA,2R21vXR83lH98kGeO99Y66,0.7212315789473683,0.658915789473684,-5.465705263157894,0.12224631578947369,0.36048705263157904,0.0006068194736842105,0.14943368421052633,0.5310105263157895,124.54212631578946,231710.74736842106,C# major,4
Aventura,1qto4hHid1P71emI6Fd8xi,0.7539032258064514,0.5861774193548388,-10.000758064516129,0.1346725806451613,0.34813614516129027,0.0011626366129032259,0.22343709677419354,0.8179032258064516,125.40433870967742,245872.5483870968,C major,4
Surfaces,4ETSs924pXMzjIeD6E9b4u,0.6784347826086956,0.5629275362318841,-7.777463768115943,0.06539565217391302,0.29090884057971017,0.08202483623188404,0.1842724637681159,0.5212768115942029,117.48015942028987,179185.59420289856,A major,4.0
Toby Keith,2bA6fzP0lMAQ4kz6CF61w8,0.6109751037344399,0.6799253112033194,-6.564182572614109,0.04025103734439833,0.23773788381742741,0.0012848059336099584,0.17447302904564316,0.5590439834024896,122.67648962655602,210962.3112033195,G major,4
DJ Premier,6GEykX11lQqp92UVOQQCC7,0.6653809523809523,0.6394333333333333,-7.0091746031746025,0.20240158730158725,0.11867865555555555,0.4550293726984127,0.1744698412698413,0.6650285714285715,106.25874603174603,178932.92063492062,C# major,4
B.B. King,5xLSa7l4IV1gsQfhAMvl0U,0.5812394957983193,0.5175283613445378,-9.645254201680672,0.05799873949579833,0.5262101260504202,0.0808359881302521,0.19223907563025208,0.6297598739495798,113.98663025210084,227836.32142857142,C major,4
Frank Ocean,2h93pZq0e7k5yf4dywlkpM,0.5309705882352942,0.43776764705882354,-10.748529411764705,0.1658264705882353,0.5591029411764705,0.08154956088235293,0.24127352941176472,0.4209529411764706,110.83820588235295,204846.64705882352,C major,4
Chet Baker,3rxeQlsv0Sc2nyYaZ5W71T,0.49749323017408126,0.2502195164410058,-15.473015473887816,0.0539779497098646,0.837484332688588,0.4219824182398453,0.2139918762088975,0.40511760154738874,111.12423404255318,334420.2746615087,C major,4
HARDY,5QNm7E7RU2m64l6Gliu8Oy,0.5367027027027026,0.7861351351351352,-5.05027027027027,0.043651351351351356,0.11404813513513512,0.0016674489189189186,0.17666756756756757,0.5255405405405404,132.22891891891896,211742.0,D major,4
Zeds Dead,67qogtRNI0GjUr8PlaG6Zh,0.5894545454545455,0.7751272727272728,-5.649836363636364,0.07864363636363636,0.12851674909090907,0.32706834727272727,0.20452545454545457,0.2732072727272727,132.45721818181818,217028.83636363636,A minor,4
James Brown,7GaxyUddsPok8BuhxN6OUW,0.6463655477031802,0.5815118904593639,-9.97462190812721,0.08823886925795053,0.3817870229681979,0.13870210118374557,0.22225512367491168,0.6590058303886925,117.70495406360425,259519.2667844523,C major,4
Kacey Musgraves,70kkdajctXSbqSMJbQO424,0.6052564102564102,0.5140897435897436,-7.889089743589743,0.03684102564102564,0.5344974358974359,0.000875640512820513,0.1649371794871795,0.46988461538461535,117.27075641025642,194631.10256410256,B major,4
Manuel Turizo,0tmwSHipWxN12fsoLcFU3B,0.7360731707317073,0.667609756097561,-5.188268292682927,0.15122439024390244,0.2561926829268293,0.0004376385365853658,0.15946341463414632,0.5980951219512195,128.79097560975612,196478.0975609756,B minor,4.0
Plan B,2jSGzJw0ebJLu7OLVSOcBP,0.7681086956521739,0.793913043478261,-5.732652173913042,0.10536521739130433,0.1148551956521739,0.001689618043478261,0.21116521739130434,0.6805217391304348,115.77245652173912,206566.36956521738,C# major,4
Jessie Murph,2yLzlEFtIS0Q9UkyBZdQA7,0.6008181818181818,0.41645454545454547,-8.306,0.05401818181818181,0.6286363636363637,7.94590909090909e-05,0.16124545454545455,0.2741454545454545,129.47463636363636,156790.27272727274,C major,4.0
Mac Miller,4LLpKhyESsyAXpc4laK94U,0.6149484536082475,0.6627865979381443,-6.891804123711341,0.20956237113402065,0.3189437268041237,0.013283478505154638,0.23998505154639177,0.4403567010309279,116.83079896907215,216914.92268041236,C# major,4
That Mexican OT,3BAgmPNIK5IJl7zMK1wvMA,0.8177553191489362,0.5359893617021277,-9.058904255319147,0.33910851063829783,0.2787702127659574,0.0002516109574468085,0.19788510638297874,0.5804468085106383,130.6773829787234,159955.79787234042,C# major,4
LUDMILLA,3CDoRporvSjdzTrm99a3gi,0.7530163934426229,0.7059508196721311,-5.566672131147542,0.08531475409836066,0.3808467213114754,0.00028193918032786883,0.18669016393442622,0.7212131147540982,128.8691639344262,171268.83606557376,G# minor,4
Porter Robinson,3dz0NnIZhtKKeXZxLOxCam,0.45404000000000005,0.5676,-7.213159999999999,0.045256,0.21678120000000003,0.0991922252,0.11258399999999998,0.27677199999999996,109.09703999999998,271963.92,D major,4.0
Cafe Music BGM channel,3yKoHgjtyenCOIRaD2Gghu,0.6106566428395366,0.2572033818092186,-16.44082376140005,0.04113029332018733,0.8733895070248953,0.7880125197116095,0.12700283460685238,0.3737371210253882,109.75671900419029,173519.5849149618,C major,4
The Weeknd,1Xyo4u8uXC1ZmMpatF05PJ,0.5094743421052632,0.5618600657894737,-9.18121052631579,0.06846381578947369,0.28401915789473686,0.11354825986842104,0.19041184210526316,0.29711250000000006,119.37768421052628,254156.625,C minor,4
Future,1RyvyyTE3xzB2ZywiAwp0i,0.7481617250673854,0.5907924528301887,-6.897396226415093,0.21297897574123986,0.13457733369272237,0.02566131261455526,0.2038746630727763,0.374588409703504,132.2609514824798,206951.1051212938,C# major,4
ODESZA,21mKp7DqtSNHhCAU2ugvUw,0.5348888888888889,0.7121666666666666,-6.151847222222222,0.06833333333333333,0.17076422222222223,0.35557175055555557,0.20198472222222222,0.20384999999999998,115.0643888888889,223532.90277777778,A minor,4
Flume,6nxWCVXbOlEVRexSbLsTer,0.5261584158415841,0.6264455445544554,-6.542910891089109,0.11492277227722775,0.18050898019801984,0.21313575594059408,0.2533108910891089,0.292839603960396,113.28730693069309,194122.46534653465,G# major,4
A$AP Rocky,13ubrt8QOOCPljQ2FL1Kca,0.5876458333333333,0.6183541666666666,-8.125770833333334,0.22586041666666667,0.23771625,0.041300734166666665,0.22175,0.3471979166666667,124.20931250000001,209859.375,C# major,4.0
Etta James,0iOVhN3tnSvgDbcg25JoJb,0.563234126984127,0.4868988095238096,-9.95131746031746,0.04874563492063492,0.45702099206349206,0.008943991388888888,0.21323412698412697,0.5368039682539681,117.77924603174604,249076.37698412698,C major,4
Michael Jackson,3fMbdgg4jU18AjLCKBhRSm,0.6739801324503311,0.659251655629139,-7.3056092715231795,0.08459006622516556,0.2690452251655629,0.021300041589403976,0.1697198675496689,0.6023397350993378,115.30015231788077,262007.2582781457,C# major,4
Chris Lake,5Igpc9iLZ3YGtKeYfSrrOE,0.791,0.982,-4.403,0.0614,0.0168,0.678,0.0731,0.35,128.01,451042.0,C major,4
Justin Bieber,1uNFoZAHBGtllmzznpCI3s,0.6091843971631206,0.6155049645390072,-6.911475177304965,0.07152624113475177,0.269087219858156,0.005251309858156027,0.17803404255319147,0.5013992907801419,118.0116524822695,207448.4184397163,F# minor,4
Bruno Mars,0du5cEVh5yTK9QJze8zA0C,0.6736153846153845,0.6504871794871794,-6.423333333333333,0.052766666666666656,0.18259384615384616,2.120897435897436e-05,0.16954102564102563,0.6298820512820513,122.60007692307695,215959.41025641025,D major,4.0
Lil Yachty,6icQOAFXDZKsumw3YXyusw,0.729625,0.5744144736842106,-6.924473684210526,0.21366184210526318,0.20485059539473682,0.029812304934210526,0.19629605263157898,0.39353750000000004,129.83211842105263,188975.1052631579,C# major,4
Khalid,6LuN9FCkKOj5PcnpouEgny,0.6234565217391304,0.49534782608695666,-8.880391304347826,0.08608260869565218,0.35546217391304347,0.1006581560869565,0.1802173913043478,0.37228478260869563,111.15073913043477,201818.21739130435,C major,4
Kungs,7keGfmQR4X5w0two1xKZ7d,0.7173809523809525,0.7305238095238095,-6.587523809523808,0.07493809523809523,0.11433292380952381,0.20965433285714286,0.1668333333333333,0.4832428571428572,124.62066666666665,213974.90476190476,A minor,4
Dierks Bentley,7x8nK0m0cP2ksQf0mjWdPS,0.5577328767123287,0.7242602739726027,-6.224869863013699,0.039383561643835614,0.21662487671232877,0.0038397028767123286,0.21050753424657534,0.5400376712328767,123.90353424657532,222720.17123287672,G major,4
Miranda Lambert,66lH4jAE7pqPlOlzUKbwA0,0.53664,0.61454,-6.937033333333332,0.04374133333333333,0.283729078,0.0033944982,0.16639533333333334,0.48829600000000006,128.66590000000002,211028.64,A major,4
Brooks & Dunn,0XKOBt59crntr7HQXXO8Yz,0.5942012987012988,0.6806428571428571,-7.2204805194805175,0.040260389610389614,0.19914736363636365,0.0038962198701298694,0.21366168831168836,0.5691038961038962,121.33813636363637,213115.7077922078,G major,4
